tp,pp,max_input_length,max_output_length,model,status,error,instance_type,price_per_hour,num_nodes,gpus_per_node,total_gpus,llm_model,llm_tensor_parallel_size,llm_pipeline_parallel_size,llm_max_model_len,llm_trust_remote_code,llm_distributed_executor_backend,llm_gpu_memory_utilization,llm_enforce_eager,llm_enable_chunked_prefill,llm_enable_prefix_caching,llm_kv_transfer_config,sampling_temperature,sampling_max_tokens,sampling_min_tokens,sampling_ignore_eos,benchmark_num_samples,benchmark_dataset,benchmark_prompt_prefix,benchmark_warmup_samples,gpu_monitor_sample_interval,gpu_monitor_type,scheduler_monitor_sample_interval,exp_id,elapsed_time,total_prompt_tokens,total_output_tokens,requests_per_sec,input_tokens_per_sec,output_tokens_per_sec,total_tokens_per_sec,timeseries_file,cost_for_run_usd,tokens_per_dollar,input_tokens_per_dollar,output_tokens_per_dollar,gpu_monitor_num_nodes,gpu_monitor_num_gpus_monitored,gpu_monitor_num_nodes_reported,config_block_size,config_gpu_memory_utilization,config_num_gpu_blocks,config_num_cpu_blocks,config_swap_space,config_cache_dtype,config_kv_cache_dtype,config_max_num_seqs,config_max_num_batched_tokens,config_dtype,config_max_model_len,config_quantization,config_quantization_param_path,config_enforce_eager,config_max_seq_len_to_capture,config_lmcache_enabled,config_kv_transfer_config_enabled,config_enable_prefix_caching,config_enable_chunked_prefill,config_trust_remote_code,node0_gpu0_mem_gb_avg,node0_gpu0_mem_gb_max,node0_gpu0_mem_gb_min,node0_gpu0_mem_pct_avg,node0_gpu0_mem_pct_max,node0_gpu0_mem_pct_min,node0_gpu0_sm_pct_avg,node0_gpu0_sm_pct_max,node0_gpu0_sm_pct_min,node0_gpu0_membw_pct_avg,node0_gpu0_membw_pct_max,node0_gpu0_membw_pct_min,node0_gpu1_mem_gb_avg,node0_gpu1_mem_gb_max,node0_gpu1_mem_gb_min,node0_gpu1_mem_pct_avg,node0_gpu1_mem_pct_max,node0_gpu1_mem_pct_min,node0_gpu1_sm_pct_avg,node0_gpu1_sm_pct_max,node0_gpu1_sm_pct_min,node0_gpu1_membw_pct_avg,node0_gpu1_membw_pct_max,node0_gpu1_membw_pct_min,node0_gpu2_mem_gb_avg,node0_gpu2_mem_gb_max,node0_gpu2_mem_gb_min,node0_gpu2_mem_pct_avg,node0_gpu2_mem_pct_max,node0_gpu2_mem_pct_min,node0_gpu2_sm_pct_avg,node0_gpu2_sm_pct_max,node0_gpu2_sm_pct_min,node0_gpu2_membw_pct_avg,node0_gpu2_membw_pct_max,node0_gpu2_membw_pct_min,node0_gpu3_mem_gb_avg,node0_gpu3_mem_gb_max,node0_gpu3_mem_gb_min,node0_gpu3_mem_pct_avg,node0_gpu3_mem_pct_max,node0_gpu3_mem_pct_min,node0_gpu3_sm_pct_avg,node0_gpu3_sm_pct_max,node0_gpu3_sm_pct_min,node0_gpu3_membw_pct_avg,node0_gpu3_membw_pct_max,node0_gpu3_membw_pct_min,node1_gpu0_mem_gb_avg,node1_gpu0_mem_gb_max,node1_gpu0_mem_gb_min,node1_gpu0_mem_pct_avg,node1_gpu0_mem_pct_max,node1_gpu0_mem_pct_min,node1_gpu0_sm_pct_avg,node1_gpu0_sm_pct_max,node1_gpu0_sm_pct_min,node1_gpu0_membw_pct_avg,node1_gpu0_membw_pct_max,node1_gpu0_membw_pct_min,node1_gpu1_mem_gb_avg,node1_gpu1_mem_gb_max,node1_gpu1_mem_gb_min,node1_gpu1_mem_pct_avg,node1_gpu1_mem_pct_max,node1_gpu1_mem_pct_min,node1_gpu1_sm_pct_avg,node1_gpu1_sm_pct_max,node1_gpu1_sm_pct_min,node1_gpu1_membw_pct_avg,node1_gpu1_membw_pct_max,node1_gpu1_membw_pct_min,node1_gpu2_mem_gb_avg,node1_gpu2_mem_gb_max,node1_gpu2_mem_gb_min,node1_gpu2_mem_pct_avg,node1_gpu2_mem_pct_max,node1_gpu2_mem_pct_min,node1_gpu2_sm_pct_avg,node1_gpu2_sm_pct_max,node1_gpu2_sm_pct_min,node1_gpu2_membw_pct_avg,node1_gpu2_membw_pct_max,node1_gpu2_membw_pct_min,node1_gpu3_mem_gb_avg,node1_gpu3_mem_gb_max,node1_gpu3_mem_gb_min,node1_gpu3_mem_pct_avg,node1_gpu3_mem_pct_max,node1_gpu3_mem_pct_min,node1_gpu3_sm_pct_avg,node1_gpu3_sm_pct_max,node1_gpu3_sm_pct_min,node1_gpu3_membw_pct_avg,node1_gpu3_membw_pct_max,node1_gpu3_membw_pct_min,node2_gpu0_mem_gb_avg,node2_gpu0_mem_gb_max,node2_gpu0_mem_gb_min,node2_gpu0_mem_pct_avg,node2_gpu0_mem_pct_max,node2_gpu0_mem_pct_min,node2_gpu0_sm_pct_avg,node2_gpu0_sm_pct_max,node2_gpu0_sm_pct_min,node2_gpu0_membw_pct_avg,node2_gpu0_membw_pct_max,node2_gpu0_membw_pct_min,node2_gpu1_mem_gb_avg,node2_gpu1_mem_gb_max,node2_gpu1_mem_gb_min,node2_gpu1_mem_pct_avg,node2_gpu1_mem_pct_max,node2_gpu1_mem_pct_min,node2_gpu1_sm_pct_avg,node2_gpu1_sm_pct_max,node2_gpu1_sm_pct_min,node2_gpu1_membw_pct_avg,node2_gpu1_membw_pct_max,node2_gpu1_membw_pct_min,node2_gpu2_mem_gb_avg,node2_gpu2_mem_gb_max,node2_gpu2_mem_gb_min,node2_gpu2_mem_pct_avg,node2_gpu2_mem_pct_max,node2_gpu2_mem_pct_min,node2_gpu2_sm_pct_avg,node2_gpu2_sm_pct_max,node2_gpu2_sm_pct_min,node2_gpu2_membw_pct_avg,node2_gpu2_membw_pct_max,node2_gpu2_membw_pct_min,node2_gpu3_mem_gb_avg,node2_gpu3_mem_gb_max,node2_gpu3_mem_gb_min,node2_gpu3_mem_pct_avg,node2_gpu3_mem_pct_max,node2_gpu3_mem_pct_min,node2_gpu3_sm_pct_avg,node2_gpu3_sm_pct_max,node2_gpu3_sm_pct_min,node2_gpu3_membw_pct_avg,node2_gpu3_membw_pct_max,node2_gpu3_membw_pct_min,avg_sm_util_pct,max_sm_util_pct,avg_mem_bw_util_pct,max_mem_bw_util_pct,avg_mem_util_pct,max_mem_util_pct,gpu_samples,num_nodes_monitored,node3_gpu0_mem_gb_avg,node3_gpu0_mem_gb_max,node3_gpu0_mem_gb_min,node3_gpu0_mem_pct_avg,node3_gpu0_mem_pct_max,node3_gpu0_mem_pct_min,node3_gpu0_sm_pct_avg,node3_gpu0_sm_pct_max,node3_gpu0_sm_pct_min,node3_gpu0_membw_pct_avg,node3_gpu0_membw_pct_max,node3_gpu0_membw_pct_min,node3_gpu1_mem_gb_avg,node3_gpu1_mem_gb_max,node3_gpu1_mem_gb_min,node3_gpu1_mem_pct_avg,node3_gpu1_mem_pct_max,node3_gpu1_mem_pct_min,node3_gpu1_sm_pct_avg,node3_gpu1_sm_pct_max,node3_gpu1_sm_pct_min,node3_gpu1_membw_pct_avg,node3_gpu1_membw_pct_max,node3_gpu1_membw_pct_min,node3_gpu2_mem_gb_avg,node3_gpu2_mem_gb_max,node3_gpu2_mem_gb_min,node3_gpu2_mem_pct_avg,node3_gpu2_mem_pct_max,node3_gpu2_mem_pct_min,node3_gpu2_sm_pct_avg,node3_gpu2_sm_pct_max,node3_gpu2_sm_pct_min,node3_gpu2_membw_pct_avg,node3_gpu2_membw_pct_max,node3_gpu2_membw_pct_min,node3_gpu3_mem_gb_avg,node3_gpu3_mem_gb_max,node3_gpu3_mem_gb_min,node3_gpu3_mem_pct_avg,node3_gpu3_mem_pct_max,node3_gpu3_mem_pct_min,node3_gpu3_sm_pct_avg,node3_gpu3_sm_pct_max,node3_gpu3_sm_pct_min,node3_gpu3_membw_pct_avg,node3_gpu3_membw_pct_max,node3_gpu3_membw_pct_min,gpu0_mem_gb_avg,gpu0_mem_gb_max,gpu0_mem_gb_min,gpu0_mem_pct_avg,gpu0_mem_pct_max,gpu0_mem_pct_min,gpu0_sm_pct_avg,gpu0_sm_pct_max,gpu0_sm_pct_min,gpu0_membw_pct_avg,gpu0_membw_pct_max,gpu0_membw_pct_min,gpu1_mem_gb_avg,gpu1_mem_gb_max,gpu1_mem_gb_min,gpu1_mem_pct_avg,gpu1_mem_pct_max,gpu1_mem_pct_min,gpu1_sm_pct_avg,gpu1_sm_pct_max,gpu1_sm_pct_min,gpu1_membw_pct_avg,gpu1_membw_pct_max,gpu1_membw_pct_min,gpu2_mem_gb_avg,gpu2_mem_gb_max,gpu2_mem_gb_min,gpu2_mem_pct_avg,gpu2_mem_pct_max,gpu2_mem_pct_min,gpu2_sm_pct_avg,gpu2_sm_pct_max,gpu2_sm_pct_min,gpu2_membw_pct_avg,gpu2_membw_pct_max,gpu2_membw_pct_min,gpu3_mem_gb_avg,gpu3_mem_gb_max,gpu3_mem_gb_min,gpu3_mem_pct_avg,gpu3_mem_pct_max,gpu3_mem_pct_min,gpu3_sm_pct_avg,gpu3_sm_pct_max,gpu3_sm_pct_min,gpu3_membw_pct_avg,gpu3_membw_pct_max,gpu3_membw_pct_min,gpu4_mem_gb_avg,gpu4_mem_gb_max,gpu4_mem_gb_min,gpu4_mem_pct_avg,gpu4_mem_pct_max,gpu4_mem_pct_min,gpu4_sm_pct_avg,gpu4_sm_pct_max,gpu4_sm_pct_min,gpu4_membw_pct_avg,gpu4_membw_pct_max,gpu4_membw_pct_min,gpu5_mem_gb_avg,gpu5_mem_gb_max,gpu5_mem_gb_min,gpu5_mem_pct_avg,gpu5_mem_pct_max,gpu5_mem_pct_min,gpu5_sm_pct_avg,gpu5_sm_pct_max,gpu5_sm_pct_min,gpu5_membw_pct_avg,gpu5_membw_pct_max,gpu5_membw_pct_min,gpu6_mem_gb_avg,gpu6_mem_gb_max,gpu6_mem_gb_min,gpu6_mem_pct_avg,gpu6_mem_pct_max,gpu6_mem_pct_min,gpu6_sm_pct_avg,gpu6_sm_pct_max,gpu6_sm_pct_min,gpu6_membw_pct_avg,gpu6_membw_pct_max,gpu6_membw_pct_min,gpu7_mem_gb_avg,gpu7_mem_gb_max,gpu7_mem_gb_min,gpu7_mem_pct_avg,gpu7_mem_pct_max,gpu7_mem_pct_min,gpu7_sm_pct_avg,gpu7_sm_pct_max,gpu7_sm_pct_min,gpu7_membw_pct_avg,gpu7_membw_pct_max,gpu7_membw_pct_min,node0_gpu4_mem_gb_avg,node0_gpu4_mem_gb_max,node0_gpu4_mem_gb_min,node0_gpu4_mem_pct_avg,node0_gpu4_mem_pct_max,node0_gpu4_mem_pct_min,node0_gpu4_sm_pct_avg,node0_gpu4_sm_pct_max,node0_gpu4_sm_pct_min,node0_gpu4_membw_pct_avg,node0_gpu4_membw_pct_max,node0_gpu4_membw_pct_min,node0_gpu5_mem_gb_avg,node0_gpu5_mem_gb_max,node0_gpu5_mem_gb_min,node0_gpu5_mem_pct_avg,node0_gpu5_mem_pct_max,node0_gpu5_mem_pct_min,node0_gpu5_sm_pct_avg,node0_gpu5_sm_pct_max,node0_gpu5_sm_pct_min,node0_gpu5_membw_pct_avg,node0_gpu5_membw_pct_max,node0_gpu5_membw_pct_min,node0_gpu6_mem_gb_avg,node0_gpu6_mem_gb_max,node0_gpu6_mem_gb_min,node0_gpu6_mem_pct_avg,node0_gpu6_mem_pct_max,node0_gpu6_mem_pct_min,node0_gpu6_sm_pct_avg,node0_gpu6_sm_pct_max,node0_gpu6_sm_pct_min,node0_gpu6_membw_pct_avg,node0_gpu6_membw_pct_max,node0_gpu6_membw_pct_min,node0_gpu7_mem_gb_avg,node0_gpu7_mem_gb_max,node0_gpu7_mem_gb_min,node0_gpu7_mem_pct_avg,node0_gpu7_mem_pct_max,node0_gpu7_mem_pct_min,node0_gpu7_sm_pct_avg,node0_gpu7_sm_pct_max,node0_gpu7_sm_pct_min,node0_gpu7_membw_pct_avg,node0_gpu7_membw_pct_max,node0_gpu7_membw_pct_min,node1_gpu4_mem_gb_avg,node1_gpu4_mem_gb_max,node1_gpu4_mem_gb_min,node1_gpu4_mem_pct_avg,node1_gpu4_mem_pct_max,node1_gpu4_mem_pct_min,node1_gpu4_sm_pct_avg,node1_gpu4_sm_pct_max,node1_gpu4_sm_pct_min,node1_gpu4_membw_pct_avg,node1_gpu4_membw_pct_max,node1_gpu4_membw_pct_min,node1_gpu5_mem_gb_avg,node1_gpu5_mem_gb_max,node1_gpu5_mem_gb_min,node1_gpu5_mem_pct_avg,node1_gpu5_mem_pct_max,node1_gpu5_mem_pct_min,node1_gpu5_sm_pct_avg,node1_gpu5_sm_pct_max,node1_gpu5_sm_pct_min,node1_gpu5_membw_pct_avg,node1_gpu5_membw_pct_max,node1_gpu5_membw_pct_min,node1_gpu6_mem_gb_avg,node1_gpu6_mem_gb_max,node1_gpu6_mem_gb_min,node1_gpu6_mem_pct_avg,node1_gpu6_mem_pct_max,node1_gpu6_mem_pct_min,node1_gpu6_sm_pct_avg,node1_gpu6_sm_pct_max,node1_gpu6_sm_pct_min,node1_gpu6_membw_pct_avg,node1_gpu6_membw_pct_max,node1_gpu6_membw_pct_min,node1_gpu7_mem_gb_avg,node1_gpu7_mem_gb_max,node1_gpu7_mem_gb_min,node1_gpu7_mem_pct_avg,node1_gpu7_mem_pct_max,node1_gpu7_mem_pct_min,node1_gpu7_sm_pct_avg,node1_gpu7_sm_pct_max,node1_gpu7_sm_pct_min,node1_gpu7_membw_pct_avg,node1_gpu7_membw_pct_max,node1_gpu7_membw_pct_min,node2_gpu4_mem_gb_avg,node2_gpu4_mem_gb_max,node2_gpu4_mem_gb_min,node2_gpu4_mem_pct_avg,node2_gpu4_mem_pct_max,node2_gpu4_mem_pct_min,node2_gpu4_sm_pct_avg,node2_gpu4_sm_pct_max,node2_gpu4_sm_pct_min,node2_gpu4_membw_pct_avg,node2_gpu4_membw_pct_max,node2_gpu4_membw_pct_min,node2_gpu5_mem_gb_avg,node2_gpu5_mem_gb_max,node2_gpu5_mem_gb_min,node2_gpu5_mem_pct_avg,node2_gpu5_mem_pct_max,node2_gpu5_mem_pct_min,node2_gpu5_sm_pct_avg,node2_gpu5_sm_pct_max,node2_gpu5_sm_pct_min,node2_gpu5_membw_pct_avg,node2_gpu5_membw_pct_max,node2_gpu5_membw_pct_min,node2_gpu6_mem_gb_avg,node2_gpu6_mem_gb_max,node2_gpu6_mem_gb_min,node2_gpu6_mem_pct_avg,node2_gpu6_mem_pct_max,node2_gpu6_mem_pct_min,node2_gpu6_sm_pct_avg,node2_gpu6_sm_pct_max,node2_gpu6_sm_pct_min,node2_gpu6_membw_pct_avg,node2_gpu6_membw_pct_max,node2_gpu6_membw_pct_min,node2_gpu7_mem_gb_avg,node2_gpu7_mem_gb_max,node2_gpu7_mem_gb_min,node2_gpu7_mem_pct_avg,node2_gpu7_mem_pct_max,node2_gpu7_mem_pct_min,node2_gpu7_sm_pct_avg,node2_gpu7_sm_pct_max,node2_gpu7_sm_pct_min,node2_gpu7_membw_pct_avg,node2_gpu7_membw_pct_max,node2_gpu7_membw_pct_min,node3_gpu4_mem_gb_avg,node3_gpu4_mem_gb_max,node3_gpu4_mem_gb_min,node3_gpu4_mem_pct_avg,node3_gpu4_mem_pct_max,node3_gpu4_mem_pct_min,node3_gpu4_sm_pct_avg,node3_gpu4_sm_pct_max,node3_gpu4_sm_pct_min,node3_gpu4_membw_pct_avg,node3_gpu4_membw_pct_max,node3_gpu4_membw_pct_min,node3_gpu5_mem_gb_avg,node3_gpu5_mem_gb_max,node3_gpu5_mem_gb_min,node3_gpu5_mem_pct_avg,node3_gpu5_mem_pct_max,node3_gpu5_mem_pct_min,node3_gpu5_sm_pct_avg,node3_gpu5_sm_pct_max,node3_gpu5_sm_pct_min,node3_gpu5_membw_pct_avg,node3_gpu5_membw_pct_max,node3_gpu5_membw_pct_min,node3_gpu6_mem_gb_avg,node3_gpu6_mem_gb_max,node3_gpu6_mem_gb_min,node3_gpu6_mem_pct_avg,node3_gpu6_mem_pct_max,node3_gpu6_mem_pct_min,node3_gpu6_sm_pct_avg,node3_gpu6_sm_pct_max,node3_gpu6_sm_pct_min,node3_gpu6_membw_pct_avg,node3_gpu6_membw_pct_max,node3_gpu6_membw_pct_min,node3_gpu7_mem_gb_avg,node3_gpu7_mem_gb_max,node3_gpu7_mem_gb_min,node3_gpu7_mem_pct_avg,node3_gpu7_mem_pct_max,node3_gpu7_mem_pct_min,node3_gpu7_sm_pct_avg,node3_gpu7_sm_pct_max,node3_gpu7_sm_pct_min,node3_gpu7_membw_pct_avg,node3_gpu7_membw_pct_max,node3_gpu7_membw_pct_min
2,4,2048,512,deepseek-ai/DeepSeek-R1-Distill-Llama-70B,error,Engine core initialization failed. See root cause above. Failed core proc(s): {'EngineCore_0': 1},2x g5.12xlarge,8.192,2,4,8,deepseek-ai/DeepSeek-R1-Distill-Llama-70B,2,4,2559,True,ray,0.85,True,False,False,,0.8,512,512,True,30,emozilla/pg19-test,Please summarize the following text: ,5,0.5,distributed,0.25,,,,,,,,,,,,,,,,,,,,,,,,,,,,,,,,,,,,,,,,,,,,,,,,,,,,,,,,,,,,,,,,,,,,,,,,,,,,,,,,,,,,,,,,,,,,,,,,,,,,,,,,,,,,,,,,,,,,,,,,,,,,,,,,,,,,,,,,,,,,,,,,,,,,,,,,,,,,,,,,,,,,,,,,,,,,,,,,,,,,,,,,,,,,,,,,,,,,,,,,,,,,,,,,,,,,,,,,,,,,,,,,,,,,,,,,,,,,,,,,,,,,,,,,,,,,,,,,,,,,,,,,,,,,,,,,,,,,,,,,,,,,,,,,,,,,,,,,,,,,,,,,,,,,,,,,,,,,,,,,,,,,,,,,,,,,,,,,,,,,,,,,,,,,,,,,,,,,,,,,,,,,,,,,,,,,,,,,,,,,,,,,,,,,,,,,,,,,,,,,,,,,,,,,,,,,,,,,,,,,,,,,,,,,,,,,,,,,,,,,,,,,,,,,,,,,,,,,,,,,,,,,,,,,,,,,,,,,,,,,,,,,,,,,,,,,,,,,,,,,,,,,,,,,,,,,,,,,,,,,,,,,
4,3,2048,512,deepseek-ai/DeepSeek-R1-Distill-Llama-70B,success,,3x g5.12xlarge,12.288,3,4,12,deepseek-ai/DeepSeek-R1-Distill-Llama-70B,4,3,2559,True,ray,0.85,True,False,False,,0.8,512,512,True,30,emozilla/pg19-test,Please summarize the following text: ,5,0.5,distributed,0.25,tp4_pp3_in2048_out512,114.42944989399996,61470.0,15300.0,0.262,537.19,133.71,670.89,result-2048in_512out/aws-g5-A10G/tp4-pp3-20260107_093307-success/timeseries_tp4_pp3_in2048_out512.json,0.3906,196550.9,157378.97,39171.93,3.0,12.0,3.0,16.0,0.85,15407.0,,4.0,auto,,,,torch.bfloat16,2559.0,,,True,2559.0,False,False,,,,20.41,20.41,20.41,90.7,90.7,90.7,82.03,100.0,0.0,46.09,83.0,0.0,20.16,20.16,20.16,89.6,89.6,89.6,81.83,100.0,0.0,46.15,83.0,0.0,20.16,20.16,20.16,89.6,89.6,89.6,81.49,100.0,0.0,45.95,83.0,0.0,20.16,20.16,20.16,89.6,89.6,89.6,82.01,100.0,0.0,45.9,83.0,0.0,20.61,20.61,20.61,91.6,91.6,91.6,91.4,100.0,0.0,46.37,83.0,0.0,20.61,20.61,20.61,91.6,91.6,91.6,90.99,100.0,0.0,46.11,85.0,0.0,20.61,20.61,20.61,91.6,91.6,91.6,91.58,100.0,0.0,46.16,84.0,0.0,20.61,20.61,20.61,91.6,91.6,91.6,91.35,100.0,0.0,46.17,83.0,0.0,20.08,20.08,20.08,89.3,89.3,89.3,89.26,100.0,0.0,46.36,83.0,0.0,20.08,20.08,20.08,89.3,89.3,89.3,88.95,100.0,0.0,46.5,84.0,0.0,20.08,20.08,20.08,89.3,89.3,89.3,89.03,100.0,0.0,46.45,84.0,0.0,20.08,20.08,20.08,89.3,89.3,89.3,88.72,100.0,0.0,46.34,83.0,0.0,87.38,100.0,46.21,85.0,90.26,91.6,672.0,3.0,,,,,,,,,,,,,,,,,,,,,,,,,,,,,,,,,,,,,,,,,,,,,,,,,,,,,,,,,,,,,,,,,,,,,,,,,,,,,,,,,,,,,,,,,,,,,,,,,,,,,,,,,,,,,,,,,,,,,,,,,,,,,,,,,,,,,,,,,,,,,,,,,,,,,,,,,,,,,,,,,,,,,,,,,,,,,,,,,,,,,,,,,,,,,,,,,,,,,,,,,,,,,,,,,,,,,,,,,,,,,,,,,,,,,,,,,,,,,,,,,,,,,,,,,,,,,,,,,,,,,,,,,,,,,,,,,,,,,,,,,,,,,,,,,,,,,,,,,,,,,,,,,,,,,,,,,,,,,,,,,,,,,,,,,,,,,,,,
4,4,2048,512,deepseek-ai/DeepSeek-R1-Distill-Llama-70B,success,,4x g5.12xlarge,16.384,4,4,16,deepseek-ai/DeepSeek-R1-Distill-Llama-70B,4,4,2559,True,ray,0.85,True,False,False,,0.8,512,512,True,30,emozilla/pg19-test,Please summarize the following text: ,5,0.5,distributed,0.25,tp4_pp4_in2048_out512,107.07119909999994,61470.0,15300.0,0.28,574.1,142.9,717.0,result-2048in_512out/aws-g5-A10G/tp4-pp4-20260107_094933-success/timeseries_tp4_pp4_in2048_out512.json,0.4873,157543.84,126145.89,31397.95,4.0,16.0,4.0,16.0,0.85,27863.0,,4.0,auto,,,,torch.bfloat16,2559.0,,,True,2559.0,False,False,,,,20.06,20.06,20.06,89.2,89.2,89.2,84.18,100.0,0.0,49.44,85.0,0.0,20.06,20.06,20.06,89.2,89.2,89.2,84.21,100.0,0.0,49.79,85.0,0.0,20.06,20.06,20.06,89.2,89.2,89.2,84.15,100.0,0.0,49.72,85.0,0.0,20.06,20.06,20.06,89.2,89.2,89.2,84.09,100.0,0.0,49.72,85.0,0.0,20.58,20.58,20.58,91.5,91.5,91.5,87.86,100.0,0.0,47.01,81.0,0.0,20.58,20.58,20.58,91.5,91.5,91.5,87.57,100.0,0.0,47.15,81.0,0.0,20.58,20.58,20.58,91.5,91.5,91.5,87.38,100.0,0.0,46.88,81.0,0.0,20.58,20.58,20.58,91.5,91.5,91.5,87.5,100.0,0.0,46.97,81.0,0.0,20.4,20.4,20.4,90.7,90.7,90.7,77.0,100.0,0.0,46.91,81.0,0.0,20.15,20.15,20.15,89.6,89.6,89.6,77.27,100.0,0.0,47.07,81.0,0.0,20.15,20.15,20.15,89.6,89.6,89.6,76.93,100.0,0.0,47.02,81.0,0.0,20.15,20.15,20.15,89.6,89.6,89.6,76.74,100.0,0.0,46.93,81.0,0.0,84.08,100.0,47.72,85.0,90.52,91.5,831.0,4.0,20.58,20.58,20.58,91.5,91.5,91.5,87.58,100.0,0.0,47.26,81.0,0.0,20.58,20.58,20.58,91.5,91.5,91.5,87.62,100.0,0.0,47.58,81.0,0.0,20.58,20.58,20.58,91.5,91.5,91.5,87.74,100.0,0.0,46.95,81.0,0.0,20.58,20.58,20.58,91.5,91.5,91.5,87.53,100.0,0.0,47.09,81.0,0.0,,,,,,,,,,,,,,,,,,,,,,,,,,,,,,,,,,,,,,,,,,,,,,,,,,,,,,,,,,,,,,,,,,,,,,,,,,,,,,,,,,,,,,,,,,,,,,,,,,,,,,,,,,,,,,,,,,,,,,,,,,,,,,,,,,,,,,,,,,,,,,,,,,,,,,,,,,,,,,,,,,,,,,,,,,,,,,,,,,,,,,,,,,,,,,,,,,,,,,,,,,,,,,,,,,,,,,,,,,,,,,,,,,,,,,,,,,,,,,,,,,,,,,,,,,,,,,,,,,,,,,,,,,,,,,,,,,,,,,,,,,,,,,,,
8,1,2048,512,deepseek-ai/DeepSeek-R1-Distill-Llama-70B,success,,g5.48xlarge,16.384,1,8,8,deepseek-ai/DeepSeek-R1-Distill-Llama-70B,8,1,2559,True,,0.85,True,False,False,,0.8,512,512,True,30,emozilla/pg19-test,Please summarize the following text: ,5,0.5,local,0.25,tp8_pp1_in2048_out512,501.626535605,61470.0,15300.0,0.06,122.54,30.5,153.04,result-2048in_512out/aws-g5-A10G/tp8-pp1-20260107_100620-success/timeseries_tp8_pp1_in2048_out512.json,2.283,33627.42,26925.59,6701.83,1.0,8.0,1.0,16.0,0.85,1312.0,,4.0,auto,,,,torch.bfloat16,2559.0,,,True,2559.0,False,False,,,,,,,,,,,,,,,,,,,,,,,,,,,,,,,,,,,,,,,,,,,,,,,,,,,,,,,,,,,,,,,,,,,,,,,,,,,,,,,,,,,,,,,,,,,,,,,,,,,,,,,,,,,,,,,,,,,,,,,,,,,,,,,,,,,,,,,,,,,,,,,,,,,,99.01,100.0,20.66,79.0,88.34,89.3,968.0,,,,,,,,,,,,,,,,,,,,,,,,,,,,,,,,,,,,,,,,,,,,,,,,,,20.09,20.09,20.09,89.3,89.3,89.3,99.01,100.0,1.0,20.65,78.0,0.0,19.84,19.84,19.84,88.2,88.2,88.2,99.02,100.0,0.0,20.63,78.0,0.0,19.84,19.84,19.84,88.2,88.2,88.2,99.02,100.0,0.0,20.69,79.0,0.0,19.84,19.84,19.84,88.2,88.2,88.2,98.99,100.0,0.0,20.65,78.0,0.0,19.84,19.84,19.84,88.2,88.2,88.2,99.03,100.0,0.0,20.71,78.0,0.0,19.84,19.84,19.84,88.2,88.2,88.2,99.03,100.0,0.0,20.64,78.0,0.0,19.84,19.84,19.84,88.2,88.2,88.2,99.01,100.0,1.0,20.69,78.0,0.0,19.84,19.84,19.84,88.2,88.2,88.2,98.99,100.0,0.0,20.64,78.0,0.0,,,,,,,,,,,,,,,,,,,,,,,,,,,,,,,,,,,,,,,,,,,,,,,,,,,,,,,,,,,,,,,,,,,,,,,,,,,,,,,,,,,,,,,,,,,,,,,,,,,,,,,,,,,,,,,,,,,,,,,,,,,,,,,,,,,,,,,,,,,,,,,,,,,,,,,,,,,,,,,,,,,,,,,,,,,,,,,,,,,,,,,,,,,,,,,,
8,2,2048,512,deepseek-ai/DeepSeek-R1-Distill-Llama-70B,success,,2x g5.48xlarge,32.768,2,8,16,deepseek-ai/DeepSeek-R1-Distill-Llama-70B,8,2,2559,True,ray,0.85,True,False,False,,0.8,512,512,True,30,emozilla/pg19-test,Please summarize the following text: ,5,0.5,distributed,0.25,tp8_pp2_in2048_out512,227.683473765,61470.0,15300.0,0.132,269.98,67.2,337.18,result-2048in_512out/aws-g5-A10G/tp8-pp2-20260107_102204-success/timeseries_tp8_pp2_in2048_out512.json,2.0724,37043.55,29660.9,7382.65,2.0,16.0,2.0,16.0,0.85,28711.0,,4.0,auto,,,,torch.bfloat16,2559.0,,,True,2559.0,False,False,,,,19.94,19.94,19.94,88.7,88.7,88.7,97.9,100.0,0.0,12.74,47.0,0.0,19.94,19.94,19.94,88.7,88.7,88.7,97.95,100.0,0.0,12.7,47.0,0.0,19.94,19.94,19.94,88.7,88.7,88.7,97.86,100.0,0.0,12.63,47.0,0.0,19.94,19.94,19.94,88.7,88.7,88.7,97.95,100.0,0.0,12.66,47.0,0.0,20.23,20.23,20.23,90.0,90.0,90.0,82.89,100.0,0.0,12.28,47.0,0.0,19.98,19.98,19.98,88.9,88.9,88.9,82.87,100.0,0.0,12.19,47.0,0.0,19.98,19.98,19.98,88.9,88.9,88.9,82.96,100.0,0.0,12.33,48.0,0.0,19.98,19.98,19.98,88.9,88.9,88.9,83.23,100.0,0.0,12.23,47.0,0.0,,,,,,,,,,,,,,,,,,,,,,,,,,,,,,,,,,,,,,,,,,,,,,,,,90.44,100.0,12.48,48.0,88.87,90.0,878.0,2.0,,,,,,,,,,,,,,,,,,,,,,,,,,,,,,,,,,,,,,,,,,,,,,,,,,,,,,,,,,,,,,,,,,,,,,,,,,,,,,,,,,,,,,,,,,,,,,,,,,,,,,,,,,,,,,,,,,,,,,,,,,,,,,,,,,,,,,,,,,,,,,,,,19.94,19.94,19.94,88.7,88.7,88.7,97.71,100.0,0.0,12.71,47.0,0.0,19.94,19.94,19.94,88.7,88.7,88.7,97.95,100.0,0.0,12.73,47.0,0.0,19.94,19.94,19.94,88.7,88.7,88.7,97.8,100.0,0.0,12.7,47.0,0.0,19.94,19.94,19.94,88.7,88.7,88.7,97.95,100.0,12.0,12.71,47.0,0.0,19.98,19.98,19.98,88.9,88.9,88.9,82.96,100.0,0.0,12.28,47.0,0.0,19.98,19.98,19.98,88.9,88.9,88.9,82.89,100.0,0.0,12.21,47.0,0.0,19.98,19.98,19.98,88.9,88.9,88.9,83.1,100.0,0.0,12.29,48.0,0.0,19.98,19.98,19.98,88.9,88.9,88.9,83.04,100.0,0.0,12.31,47.0,0.0,,,,,,,,,,,,,,,,,,,,,,,,,,,,,,,,,,,,,,,,,,,,,,,,,,,,,,,,,,,,,,,,,,,,,,,,,,,,,,,,,,,,,,,,,,,,,,,,
8,3,2048,512,deepseek-ai/DeepSeek-R1-Distill-Llama-70B,success,,3x g5.48xlarge,49.152,3,8,24,deepseek-ai/DeepSeek-R1-Distill-Llama-70B,8,3,2559,True,ray,0.85,True,False,False,,0.8,512,512,True,30,emozilla/pg19-test,Please summarize the following text: ,5,0.5,distributed,0.25,tp8_pp3_in2048_out512,177.39561373699996,61470.0,15300.0,0.169,346.51,86.25,432.76,result-2048in_512out/aws-g5-A10G/tp8-pp3-20260107_103354-success/timeseries_tp8_pp3_in2048_out512.json,2.422,31696.4,25379.42,6316.99,3.0,24.0,3.0,16.0,0.85,58164.0,,4.0,auto,,,,torch.bfloat16,2559.0,,,True,2559.0,False,False,,,,19.9,19.9,19.9,88.5,88.5,88.5,87.14,100.0,0.0,15.09,53.0,0.0,19.9,19.9,19.9,88.5,88.5,88.5,87.05,100.0,0.0,14.87,53.0,0.0,19.9,19.9,19.9,88.5,88.5,88.5,87.17,100.0,0.0,15.08,53.0,0.0,19.9,19.9,19.9,88.5,88.5,88.5,87.46,100.0,0.0,15.09,54.0,0.0,20.17,20.17,20.17,89.7,89.7,89.7,90.27,100.0,0.0,14.87,53.0,0.0,20.17,20.17,20.17,89.7,89.7,89.7,90.31,100.0,0.0,15.05,52.0,0.0,20.17,20.17,20.17,89.7,89.7,89.7,90.1,100.0,0.0,14.9,52.0,0.0,20.17,20.17,20.17,89.7,89.7,89.7,90.31,100.0,0.0,15.17,53.0,0.0,20.19,20.19,20.19,89.8,89.8,89.8,80.45,100.0,0.0,14.77,52.0,0.0,19.94,19.94,19.94,88.7,88.7,88.7,80.65,100.0,0.0,14.98,53.0,0.0,19.94,19.94,19.94,88.7,88.7,88.7,80.58,100.0,0.0,14.94,53.0,0.0,19.94,19.94,19.94,88.7,88.7,88.7,80.62,100.0,0.0,14.93,52.0,0.0,86.14,100.0,15.02,54.0,89.01,89.8,1027.0,3.0,,,,,,,,,,,,,,,,,,,,,,,,,,,,,,,,,,,,,,,,,,,,,,,,,,,,,,,,,,,,,,,,,,,,,,,,,,,,,,,,,,,,,,,,,,,,,,,,,,,,,,,,,,,,,,,,,,,,,,,,,,,,,,,,,,,,,,,,,,,,,,,,,19.9,19.9,19.9,88.5,88.5,88.5,87.04,100.0,0.0,15.44,53.0,0.0,19.9,19.9,19.9,88.5,88.5,88.5,86.81,100.0,0.0,15.03,53.0,0.0,19.9,19.9,19.9,88.5,88.5,88.5,87.36,100.0,0.0,15.18,53.0,0.0,19.9,19.9,19.9,88.5,88.5,88.5,87.25,100.0,0.0,15.3,53.0,0.0,20.17,20.17,20.17,89.7,89.7,89.7,90.24,100.0,0.0,15.11,52.0,0.0,20.17,20.17,20.17,89.7,89.7,89.7,90.19,100.0,0.0,14.96,53.0,0.0,20.17,20.17,20.17,89.7,89.7,89.7,90.27,100.0,0.0,14.92,53.0,0.0,20.17,20.17,20.17,89.7,89.7,89.7,90.31,100.0,0.0,15.12,53.0,0.0,19.94,19.94,19.94,88.7,88.7,88.7,83.79,100.0,0.0,14.9,52.0,0.0,19.94,19.94,19.94,88.7,88.7,88.7,80.62,100.0,0.0,14.85,52.0,0.0,19.94,19.94,19.94,88.7,88.7,88.7,80.9,100.0,0.0,14.98,53.0,0.0,19.94,19.94,19.94,88.7,88.7,88.7,80.57,100.0,0.0,14.94,53.0,0.0,,,,,,,,,,,,,,,,,,,,,,,,,,,,,,,,,,,,,,,,,,,,,,,,
8,4,2048,512,deepseek-ai/DeepSeek-R1-Distill-Llama-70B,success,,4x g5.48xlarge,65.536,4,8,32,deepseek-ai/DeepSeek-R1-Distill-Llama-70B,8,4,2559,True,ray,0.85,True,False,False,,0.8,512,512,True,30,emozilla/pg19-test,Please summarize the following text: ,5,0.5,distributed,0.25,tp8_pp4_in2048_out512,153.939040235,61470.0,15300.0,0.195,399.31,99.39,498.7,result-2048in_512out/aws-g5-A10G/tp8-pp4-20260107_104503-success/timeseries_tp8_pp4_in2048_out512.json,2.8024,27394.62,21934.97,5459.66,4.0,32.0,4.0,16.0,0.85,83449.0,,4.0,auto,,,,torch.bfloat16,2559.0,,,True,2559.0,False,False,,,,19.86,19.86,19.86,88.3,88.3,88.3,78.29,100.0,0.0,17.18,57.0,0.0,19.86,19.86,19.86,88.3,88.3,88.3,78.86,100.0,0.0,16.99,57.0,0.0,19.86,19.86,19.86,88.3,88.3,88.3,78.81,100.0,0.0,17.38,57.0,0.0,19.86,19.86,19.86,88.3,88.3,88.3,78.81,100.0,0.0,17.33,57.0,0.0,20.19,20.19,20.19,89.8,89.8,89.8,67.33,100.0,0.0,15.99,54.0,0.0,19.94,19.95,19.94,88.7,88.7,88.7,67.31,100.0,0.0,16.09,54.0,0.0,19.94,19.95,19.94,88.7,88.7,88.7,66.69,100.0,0.0,16.06,53.0,0.0,19.94,19.95,19.94,88.7,88.7,88.7,66.65,100.0,0.0,15.81,54.0,0.0,20.14,20.14,20.14,89.5,89.5,89.5,82.26,100.0,0.0,16.35,55.0,0.0,20.14,20.14,20.14,89.5,89.5,89.5,82.03,100.0,0.0,16.56,55.0,0.0,20.14,20.14,20.14,89.5,89.5,89.5,82.14,100.0,0.0,16.5,54.0,0.0,20.14,20.14,20.14,89.5,89.5,89.5,81.71,100.0,0.0,16.16,54.0,0.0,76.85,100.0,16.51,57.0,89.03,89.8,1186.0,4.0,20.14,20.14,20.14,89.5,89.5,89.5,79.38,100.0,0.0,16.31,54.0,0.0,20.14,20.14,20.14,89.5,89.5,89.5,79.44,100.0,0.0,16.36,54.0,0.0,20.14,20.14,20.14,89.5,89.5,89.5,79.2,100.0,0.0,16.41,55.0,0.0,20.14,20.14,20.14,89.5,89.5,89.5,79.34,100.0,0.0,16.31,55.0,0.0,,,,,,,,,,,,,,,,,,,,,,,,,,,,,,,,,,,,,,,,,,,,,,,,,,,,,,,,,,,,,,,,,,,,,,,,,,,,,,,,,,,,,,,,,,,,,,,,,19.86,19.86,19.86,88.3,88.3,88.3,78.34,100.0,0.0,17.09,56.0,0.0,19.86,19.86,19.86,88.3,88.3,88.3,78.65,100.0,0.0,17.4,57.0,0.0,19.86,19.86,19.86,88.3,88.3,88.3,79.57,100.0,0.0,17.31,57.0,0.0,19.86,19.86,19.86,88.3,88.3,88.3,79.23,100.0,0.0,16.88,57.0,0.0,19.94,19.95,19.94,88.7,88.7,88.7,66.81,100.0,0.0,16.1,54.0,0.0,19.94,19.95,19.94,88.7,88.7,88.7,67.21,100.0,0.0,16.09,54.0,0.0,19.94,19.95,19.94,88.7,88.7,88.7,66.83,100.0,0.0,15.97,54.0,0.0,19.94,19.95,19.94,88.7,88.7,88.7,67.06,100.0,0.0,16.06,55.0,0.0,20.14,20.14,20.14,89.5,89.5,89.5,82.4,100.0,0.0,16.44,54.0,0.0,20.14,20.14,20.14,89.5,89.5,89.5,82.11,100.0,0.0,16.35,54.0,0.0,20.14,20.14,20.14,89.5,89.5,89.5,81.7,100.0,0.0,16.09,54.0,0.0,20.14,20.14,20.14,89.5,89.5,89.5,82.27,100.0,0.0,16.41,54.0,0.0,20.14,20.14,20.14,89.5,89.5,89.5,80.03,100.0,0.0,16.55,54.0,0.0,20.14,20.14,20.14,89.5,89.5,89.5,79.45,100.0,0.0,16.56,54.0,0.0,20.14,20.14,20.14,89.5,89.5,89.5,80.32,100.0,0.0,16.68,54.0,0.0,20.14,20.14,20.14,89.5,89.5,89.5,79.17,100.0,0.0,16.5,54.0,0.0
8,1,2048,512,deepseek-ai/DeepSeek-R1-Distill-Llama-70B,success,,g5.48xlarge,16.384,1,8,8,deepseek-ai/DeepSeek-R1-Distill-Llama-70B,8,1,2559,True,,0.85,True,False,False,,0.8,512,512,True,30,emozilla/pg19-test,Please summarize the following text: ,5,0.5,local,0.25,tp8_pp1_in2048_out512,501.626535605,61470.0,15300.0,0.06,122.54,30.5,153.04,result-2048in_512out/aws-g5-A10G/tp8-pp1-20260107_100620-success/timeseries_tp8_pp1_in2048_out512.json,2.283,33627.42,26925.59,6701.83,1.0,8.0,1.0,16.0,0.85,1312.0,,4.0,auto,,,,torch.bfloat16,2559.0,,,True,2559.0,False,False,,,,,,,,,,,,,,,,,,,,,,,,,,,,,,,,,,,,,,,,,,,,,,,,,,,,,,,,,,,,,,,,,,,,,,,,,,,,,,,,,,,,,,,,,,,,,,,,,,,,,,,,,,,,,,,,,,,,,,,,,,,,,,,,,,,,,,,,,,,,,,,,,,,,99.01,100.0,20.66,79.0,88.34,89.3,968.0,,,,,,,,,,,,,,,,,,,,,,,,,,,,,,,,,,,,,,,,,,,,,,,,,,20.09,20.09,20.09,89.3,89.3,89.3,99.01,100.0,1.0,20.65,78.0,0.0,19.84,19.84,19.84,88.2,88.2,88.2,99.02,100.0,0.0,20.63,78.0,0.0,19.84,19.84,19.84,88.2,88.2,88.2,99.02,100.0,0.0,20.69,79.0,0.0,19.84,19.84,19.84,88.2,88.2,88.2,98.99,100.0,0.0,20.65,78.0,0.0,19.84,19.84,19.84,88.2,88.2,88.2,99.03,100.0,0.0,20.71,78.0,0.0,19.84,19.84,19.84,88.2,88.2,88.2,99.03,100.0,0.0,20.64,78.0,0.0,19.84,19.84,19.84,88.2,88.2,88.2,99.01,100.0,1.0,20.69,78.0,0.0,19.84,19.84,19.84,88.2,88.2,88.2,98.99,100.0,0.0,20.64,78.0,0.0,,,,,,,,,,,,,,,,,,,,,,,,,,,,,,,,,,,,,,,,,,,,,,,,,,,,,,,,,,,,,,,,,,,,,,,,,,,,,,,,,,,,,,,,,,,,,,,,,,,,,,,,,,,,,,,,,,,,,,,,,,,,,,,,,,,,,,,,,,,,,,,,,,,,,,,,,,,,,,,,,,,,,,,,,,,,,,,,,,,,,,,,,,,,,,,,
8,3,2048,512,deepseek-ai/DeepSeek-R1-Distill-Llama-70B,success,,3x g5.48xlarge,49.152,3,8,24,deepseek-ai/DeepSeek-R1-Distill-Llama-70B,8,3,2559,True,ray,0.85,True,False,False,,0.8,512,512,True,30,emozilla/pg19-test,Please summarize the following text: ,5,0.5,distributed,0.25,tp8_pp3_in2048_out512,177.39561373699996,61470.0,15300.0,0.169,346.51,86.25,432.76,result-2048in_512out/aws-g5-A10G/tp8-pp3-20260107_103354-success/timeseries_tp8_pp3_in2048_out512.json,2.422,31696.4,25379.42,6316.99,3.0,24.0,3.0,16.0,0.85,58164.0,,4.0,auto,,,,torch.bfloat16,2559.0,,,True,2559.0,False,False,,,,19.9,19.9,19.9,88.5,88.5,88.5,87.14,100.0,0.0,15.09,53.0,0.0,19.9,19.9,19.9,88.5,88.5,88.5,87.05,100.0,0.0,14.87,53.0,0.0,19.9,19.9,19.9,88.5,88.5,88.5,87.17,100.0,0.0,15.08,53.0,0.0,19.9,19.9,19.9,88.5,88.5,88.5,87.46,100.0,0.0,15.09,54.0,0.0,20.17,20.17,20.17,89.7,89.7,89.7,90.27,100.0,0.0,14.87,53.0,0.0,20.17,20.17,20.17,89.7,89.7,89.7,90.31,100.0,0.0,15.05,52.0,0.0,20.17,20.17,20.17,89.7,89.7,89.7,90.1,100.0,0.0,14.9,52.0,0.0,20.17,20.17,20.17,89.7,89.7,89.7,90.31,100.0,0.0,15.17,53.0,0.0,20.19,20.19,20.19,89.8,89.8,89.8,80.45,100.0,0.0,14.77,52.0,0.0,19.94,19.94,19.94,88.7,88.7,88.7,80.65,100.0,0.0,14.98,53.0,0.0,19.94,19.94,19.94,88.7,88.7,88.7,80.58,100.0,0.0,14.94,53.0,0.0,19.94,19.94,19.94,88.7,88.7,88.7,80.62,100.0,0.0,14.93,52.0,0.0,86.14,100.0,15.02,54.0,89.01,89.8,1027.0,3.0,,,,,,,,,,,,,,,,,,,,,,,,,,,,,,,,,,,,,,,,,,,,,,,,,,,,,,,,,,,,,,,,,,,,,,,,,,,,,,,,,,,,,,,,,,,,,,,,,,,,,,,,,,,,,,,,,,,,,,,,,,,,,,,,,,,,,,,,,,,,,,,,,19.9,19.9,19.9,88.5,88.5,88.5,87.04,100.0,0.0,15.44,53.0,0.0,19.9,19.9,19.9,88.5,88.5,88.5,86.81,100.0,0.0,15.03,53.0,0.0,19.9,19.9,19.9,88.5,88.5,88.5,87.36,100.0,0.0,15.18,53.0,0.0,19.9,19.9,19.9,88.5,88.5,88.5,87.25,100.0,0.0,15.3,53.0,0.0,20.17,20.17,20.17,89.7,89.7,89.7,90.24,100.0,0.0,15.11,52.0,0.0,20.17,20.17,20.17,89.7,89.7,89.7,90.19,100.0,0.0,14.96,53.0,0.0,20.17,20.17,20.17,89.7,89.7,89.7,90.27,100.0,0.0,14.92,53.0,0.0,20.17,20.17,20.17,89.7,89.7,89.7,90.31,100.0,0.0,15.12,53.0,0.0,19.94,19.94,19.94,88.7,88.7,88.7,83.79,100.0,0.0,14.9,52.0,0.0,19.94,19.94,19.94,88.7,88.7,88.7,80.62,100.0,0.0,14.85,52.0,0.0,19.94,19.94,19.94,88.7,88.7,88.7,80.9,100.0,0.0,14.98,53.0,0.0,19.94,19.94,19.94,88.7,88.7,88.7,80.57,100.0,0.0,14.94,53.0,0.0,,,,,,,,,,,,,,,,,,,,,,,,,,,,,,,,,,,,,,,,,,,,,,,,
4,2,2048,512,deepseek-ai/DeepSeek-R1-Distill-Llama-70B,success,,2x g5.12xlarge,8.192,2,4,8,deepseek-ai/DeepSeek-R1-Distill-Llama-70B,4,2,2559,True,ray,0.85,True,False,False,,0.8,512,512,True,30,emozilla/pg19-test,Please summarize the following text: ,5,0.5,distributed,0.25,tp4_pp2_in2048_out512,426.3866282910001,61470.0,15300.0,0.07,144.16,35.88,180.05,result-2048in_512out/aws-g5-A10G/tp4-pp2-20260107_084406-success/timeseries_tp4_pp2_in2048_out512.json,0.9703,79122.59,63353.73,15768.86,2.0,8.0,2.0,16.0,0.85,897.0,,4.0,auto,,,,torch.bfloat16,2559.0,,,True,2559.0,False,False,,,,20.4,20.4,20.4,90.7,90.7,90.7,77.78,100.0,0.0,60.71,92.0,0.0,20.15,20.15,20.15,89.6,89.6,89.6,77.95,100.0,0.0,60.7,93.0,0.0,20.15,20.15,20.15,89.6,89.6,89.6,77.82,100.0,0.0,60.58,93.0,0.0,20.15,20.15,20.15,89.6,89.6,89.6,77.83,100.0,0.0,60.51,93.0,0.0,20.14,20.14,20.14,89.6,89.6,89.6,93.16,100.0,0.0,62.59,95.0,0.0,20.14,20.14,20.14,89.6,89.6,89.6,93.12,100.0,0.0,62.55,95.0,0.0,20.14,20.14,20.14,89.6,89.6,89.6,93.09,100.0,0.0,62.45,95.0,0.0,20.14,20.14,20.14,89.6,89.6,89.6,93.11,100.0,0.0,62.54,95.0,0.0,,,,,,,,,,,,,,,,,,,,,,,,,,,,,,,,,,,,,,,,,,,,,,,,,85.48,100.0,61.58,95.0,89.74,90.7,1672.0,2.0,,,,,,,,,,,,,,,,,,,,,,,,,,,,,,,,,,,,,,,,,,,,,,,,,,,,,,,,,,,,,,,,,,,,,,,,,,,,,,,,,,,,,,,,,,,,,,,,,,,,,,,,,,,,,,,,,,,,,,,,,,,,,,,,,,,,,,,,,,,,,,,,,,,,,,,,,,,,,,,,,,,,,,,,,,,,,,,,,,,,,,,,,,,,,,,,,,,,,,,,,,,,,,,,,,,,,,,,,,,,,,,,,,,,,,,,,,,,,,,,,,,,,,,,,,,,,,,,,,,,,,,,,,,,,,,,,,,,,,,,,,,,,,,,,,,,,,,,,,,,,,,,,,,,,,,,,,,,,,,,,,,,,,,,,,,,,,,,
4,3,2048,512,deepseek-ai/DeepSeek-R1-Distill-Llama-70B,success,,3x g5.12xlarge,12.288,3,4,12,deepseek-ai/DeepSeek-R1-Distill-Llama-70B,4,3,2559,True,ray,0.85,True,False,False,,0.8,512,512,True,30,emozilla/pg19-test,Please summarize the following text: ,5,0.5,distributed,0.25,tp4_pp3_in2048_out512,114.42944989399996,61470.0,15300.0,0.262,537.19,133.71,670.89,result-2048in_512out/aws-g5-A10G/tp4-pp3-20260107_093307-success/timeseries_tp4_pp3_in2048_out512.json,0.3906,196550.9,157378.97,39171.93,3.0,12.0,3.0,16.0,0.85,15407.0,,4.0,auto,,,,torch.bfloat16,2559.0,,,True,2559.0,False,False,,,,20.41,20.41,20.41,90.7,90.7,90.7,82.03,100.0,0.0,46.09,83.0,0.0,20.16,20.16,20.16,89.6,89.6,89.6,81.83,100.0,0.0,46.15,83.0,0.0,20.16,20.16,20.16,89.6,89.6,89.6,81.49,100.0,0.0,45.95,83.0,0.0,20.16,20.16,20.16,89.6,89.6,89.6,82.01,100.0,0.0,45.9,83.0,0.0,20.61,20.61,20.61,91.6,91.6,91.6,91.4,100.0,0.0,46.37,83.0,0.0,20.61,20.61,20.61,91.6,91.6,91.6,90.99,100.0,0.0,46.11,85.0,0.0,20.61,20.61,20.61,91.6,91.6,91.6,91.58,100.0,0.0,46.16,84.0,0.0,20.61,20.61,20.61,91.6,91.6,91.6,91.35,100.0,0.0,46.17,83.0,0.0,20.08,20.08,20.08,89.3,89.3,89.3,89.26,100.0,0.0,46.36,83.0,0.0,20.08,20.08,20.08,89.3,89.3,89.3,88.95,100.0,0.0,46.5,84.0,0.0,20.08,20.08,20.08,89.3,89.3,89.3,89.03,100.0,0.0,46.45,84.0,0.0,20.08,20.08,20.08,89.3,89.3,89.3,88.72,100.0,0.0,46.34,83.0,0.0,87.38,100.0,46.21,85.0,90.26,91.6,672.0,3.0,,,,,,,,,,,,,,,,,,,,,,,,,,,,,,,,,,,,,,,,,,,,,,,,,,,,,,,,,,,,,,,,,,,,,,,,,,,,,,,,,,,,,,,,,,,,,,,,,,,,,,,,,,,,,,,,,,,,,,,,,,,,,,,,,,,,,,,,,,,,,,,,,,,,,,,,,,,,,,,,,,,,,,,,,,,,,,,,,,,,,,,,,,,,,,,,,,,,,,,,,,,,,,,,,,,,,,,,,,,,,,,,,,,,,,,,,,,,,,,,,,,,,,,,,,,,,,,,,,,,,,,,,,,,,,,,,,,,,,,,,,,,,,,,,,,,,,,,,,,,,,,,,,,,,,,,,,,,,,,,,,,,,,,,,,,,,,,,
8,4,2048,512,deepseek-ai/DeepSeek-R1-Distill-Llama-70B,success,,4x g5.48xlarge,65.536,4,8,32,deepseek-ai/DeepSeek-R1-Distill-Llama-70B,8,4,2559,True,ray,0.85,True,False,False,,0.8,512,512,True,30,emozilla/pg19-test,Please summarize the following text: ,5,0.5,distributed,0.25,tp8_pp4_in2048_out512,153.939040235,61470.0,15300.0,0.195,399.31,99.39,498.7,result-2048in_512out/aws-g5-A10G/tp8-pp4-20260107_104503-success/timeseries_tp8_pp4_in2048_out512.json,2.8024,27394.62,21934.97,5459.66,4.0,32.0,4.0,16.0,0.85,83449.0,,4.0,auto,,,,torch.bfloat16,2559.0,,,True,2559.0,False,False,,,,19.86,19.86,19.86,88.3,88.3,88.3,78.29,100.0,0.0,17.18,57.0,0.0,19.86,19.86,19.86,88.3,88.3,88.3,78.86,100.0,0.0,16.99,57.0,0.0,19.86,19.86,19.86,88.3,88.3,88.3,78.81,100.0,0.0,17.38,57.0,0.0,19.86,19.86,19.86,88.3,88.3,88.3,78.81,100.0,0.0,17.33,57.0,0.0,20.19,20.19,20.19,89.8,89.8,89.8,67.33,100.0,0.0,15.99,54.0,0.0,19.94,19.95,19.94,88.7,88.7,88.7,67.31,100.0,0.0,16.09,54.0,0.0,19.94,19.95,19.94,88.7,88.7,88.7,66.69,100.0,0.0,16.06,53.0,0.0,19.94,19.95,19.94,88.7,88.7,88.7,66.65,100.0,0.0,15.81,54.0,0.0,20.14,20.14,20.14,89.5,89.5,89.5,82.26,100.0,0.0,16.35,55.0,0.0,20.14,20.14,20.14,89.5,89.5,89.5,82.03,100.0,0.0,16.56,55.0,0.0,20.14,20.14,20.14,89.5,89.5,89.5,82.14,100.0,0.0,16.5,54.0,0.0,20.14,20.14,20.14,89.5,89.5,89.5,81.71,100.0,0.0,16.16,54.0,0.0,76.85,100.0,16.51,57.0,89.03,89.8,1186.0,4.0,20.14,20.14,20.14,89.5,89.5,89.5,79.38,100.0,0.0,16.31,54.0,0.0,20.14,20.14,20.14,89.5,89.5,89.5,79.44,100.0,0.0,16.36,54.0,0.0,20.14,20.14,20.14,89.5,89.5,89.5,79.2,100.0,0.0,16.41,55.0,0.0,20.14,20.14,20.14,89.5,89.5,89.5,79.34,100.0,0.0,16.31,55.0,0.0,,,,,,,,,,,,,,,,,,,,,,,,,,,,,,,,,,,,,,,,,,,,,,,,,,,,,,,,,,,,,,,,,,,,,,,,,,,,,,,,,,,,,,,,,,,,,,,,,19.86,19.86,19.86,88.3,88.3,88.3,78.34,100.0,0.0,17.09,56.0,0.0,19.86,19.86,19.86,88.3,88.3,88.3,78.65,100.0,0.0,17.4,57.0,0.0,19.86,19.86,19.86,88.3,88.3,88.3,79.57,100.0,0.0,17.31,57.0,0.0,19.86,19.86,19.86,88.3,88.3,88.3,79.23,100.0,0.0,16.88,57.0,0.0,19.94,19.95,19.94,88.7,88.7,88.7,66.81,100.0,0.0,16.1,54.0,0.0,19.94,19.95,19.94,88.7,88.7,88.7,67.21,100.0,0.0,16.09,54.0,0.0,19.94,19.95,19.94,88.7,88.7,88.7,66.83,100.0,0.0,15.97,54.0,0.0,19.94,19.95,19.94,88.7,88.7,88.7,67.06,100.0,0.0,16.06,55.0,0.0,20.14,20.14,20.14,89.5,89.5,89.5,82.4,100.0,0.0,16.44,54.0,0.0,20.14,20.14,20.14,89.5,89.5,89.5,82.11,100.0,0.0,16.35,54.0,0.0,20.14,20.14,20.14,89.5,89.5,89.5,81.7,100.0,0.0,16.09,54.0,0.0,20.14,20.14,20.14,89.5,89.5,89.5,82.27,100.0,0.0,16.41,54.0,0.0,20.14,20.14,20.14,89.5,89.5,89.5,80.03,100.0,0.0,16.55,54.0,0.0,20.14,20.14,20.14,89.5,89.5,89.5,79.45,100.0,0.0,16.56,54.0,0.0,20.14,20.14,20.14,89.5,89.5,89.5,80.32,100.0,0.0,16.68,54.0,0.0,20.14,20.14,20.14,89.5,89.5,89.5,79.17,100.0,0.0,16.5,54.0,0.0
2,4,2048,512,deepseek-ai/DeepSeek-R1-Distill-Llama-70B,error,Engine core initialization failed. See root cause above. Failed core proc(s): {'EngineCore_0': 1},2x g5.12xlarge,8.192,2,4,8,deepseek-ai/DeepSeek-R1-Distill-Llama-70B,2,4,2559,True,ray,0.85,True,False,False,,0.8,512,512,True,30,emozilla/pg19-test,Please summarize the following text: ,5,0.5,distributed,0.25,,,,,,,,,,,,,,,,,,,,,,,,,,,,,,,,,,,,,,,,,,,,,,,,,,,,,,,,,,,,,,,,,,,,,,,,,,,,,,,,,,,,,,,,,,,,,,,,,,,,,,,,,,,,,,,,,,,,,,,,,,,,,,,,,,,,,,,,,,,,,,,,,,,,,,,,,,,,,,,,,,,,,,,,,,,,,,,,,,,,,,,,,,,,,,,,,,,,,,,,,,,,,,,,,,,,,,,,,,,,,,,,,,,,,,,,,,,,,,,,,,,,,,,,,,,,,,,,,,,,,,,,,,,,,,,,,,,,,,,,,,,,,,,,,,,,,,,,,,,,,,,,,,,,,,,,,,,,,,,,,,,,,,,,,,,,,,,,,,,,,,,,,,,,,,,,,,,,,,,,,,,,,,,,,,,,,,,,,,,,,,,,,,,,,,,,,,,,,,,,,,,,,,,,,,,,,,,,,,,,,,,,,,,,,,,,,,,,,,,,,,,,,,,,,,,,,,,,,,,,,,,,,,,,,,,,,,,,,,,,,,,,,,,,,,,,,,,,,,,,,,,,,,,,,,,,,,,,,,,,,,,,
8,2,2048,512,deepseek-ai/DeepSeek-R1-Distill-Llama-70B,success,,2x g5.48xlarge,32.768,2,8,16,deepseek-ai/DeepSeek-R1-Distill-Llama-70B,8,2,2559,True,ray,0.85,True,False,False,,0.8,512,512,True,30,emozilla/pg19-test,Please summarize the following text: ,5,0.5,distributed,0.25,tp8_pp2_in2048_out512,227.683473765,61470.0,15300.0,0.132,269.98,67.2,337.18,result-2048in_512out/aws-g5-A10G/tp8-pp2-20260107_102204-success/timeseries_tp8_pp2_in2048_out512.json,2.0724,37043.55,29660.9,7382.65,2.0,16.0,2.0,16.0,0.85,28711.0,,4.0,auto,,,,torch.bfloat16,2559.0,,,True,2559.0,False,False,,,,19.94,19.94,19.94,88.7,88.7,88.7,97.9,100.0,0.0,12.74,47.0,0.0,19.94,19.94,19.94,88.7,88.7,88.7,97.95,100.0,0.0,12.7,47.0,0.0,19.94,19.94,19.94,88.7,88.7,88.7,97.86,100.0,0.0,12.63,47.0,0.0,19.94,19.94,19.94,88.7,88.7,88.7,97.95,100.0,0.0,12.66,47.0,0.0,20.23,20.23,20.23,90.0,90.0,90.0,82.89,100.0,0.0,12.28,47.0,0.0,19.98,19.98,19.98,88.9,88.9,88.9,82.87,100.0,0.0,12.19,47.0,0.0,19.98,19.98,19.98,88.9,88.9,88.9,82.96,100.0,0.0,12.33,48.0,0.0,19.98,19.98,19.98,88.9,88.9,88.9,83.23,100.0,0.0,12.23,47.0,0.0,,,,,,,,,,,,,,,,,,,,,,,,,,,,,,,,,,,,,,,,,,,,,,,,,90.44,100.0,12.48,48.0,88.87,90.0,878.0,2.0,,,,,,,,,,,,,,,,,,,,,,,,,,,,,,,,,,,,,,,,,,,,,,,,,,,,,,,,,,,,,,,,,,,,,,,,,,,,,,,,,,,,,,,,,,,,,,,,,,,,,,,,,,,,,,,,,,,,,,,,,,,,,,,,,,,,,,,,,,,,,,,,,19.94,19.94,19.94,88.7,88.7,88.7,97.71,100.0,0.0,12.71,47.0,0.0,19.94,19.94,19.94,88.7,88.7,88.7,97.95,100.0,0.0,12.73,47.0,0.0,19.94,19.94,19.94,88.7,88.7,88.7,97.8,100.0,0.0,12.7,47.0,0.0,19.94,19.94,19.94,88.7,88.7,88.7,97.95,100.0,12.0,12.71,47.0,0.0,19.98,19.98,19.98,88.9,88.9,88.9,82.96,100.0,0.0,12.28,47.0,0.0,19.98,19.98,19.98,88.9,88.9,88.9,82.89,100.0,0.0,12.21,47.0,0.0,19.98,19.98,19.98,88.9,88.9,88.9,83.1,100.0,0.0,12.29,48.0,0.0,19.98,19.98,19.98,88.9,88.9,88.9,83.04,100.0,0.0,12.31,47.0,0.0,,,,,,,,,,,,,,,,,,,,,,,,,,,,,,,,,,,,,,,,,,,,,,,,,,,,,,,,,,,,,,,,,,,,,,,,,,,,,,,,,,,,,,,,,,,,,,,,
4,4,2048,512,deepseek-ai/DeepSeek-R1-Distill-Llama-70B,success,,4x g5.12xlarge,16.384,4,4,16,deepseek-ai/DeepSeek-R1-Distill-Llama-70B,4,4,2559,True,ray,0.85,True,False,False,,0.8,512,512,True,30,emozilla/pg19-test,Please summarize the following text: ,5,0.5,distributed,0.25,tp4_pp4_in2048_out512,107.07119909999994,61470.0,15300.0,0.28,574.1,142.9,717.0,result-2048in_512out/aws-g5-A10G/tp4-pp4-20260107_094933-success/timeseries_tp4_pp4_in2048_out512.json,0.4873,157543.84,126145.89,31397.95,4.0,16.0,4.0,16.0,0.85,27863.0,,4.0,auto,,,,torch.bfloat16,2559.0,,,True,2559.0,False,False,,,,20.06,20.06,20.06,89.2,89.2,89.2,84.18,100.0,0.0,49.44,85.0,0.0,20.06,20.06,20.06,89.2,89.2,89.2,84.21,100.0,0.0,49.79,85.0,0.0,20.06,20.06,20.06,89.2,89.2,89.2,84.15,100.0,0.0,49.72,85.0,0.0,20.06,20.06,20.06,89.2,89.2,89.2,84.09,100.0,0.0,49.72,85.0,0.0,20.58,20.58,20.58,91.5,91.5,91.5,87.86,100.0,0.0,47.01,81.0,0.0,20.58,20.58,20.58,91.5,91.5,91.5,87.57,100.0,0.0,47.15,81.0,0.0,20.58,20.58,20.58,91.5,91.5,91.5,87.38,100.0,0.0,46.88,81.0,0.0,20.58,20.58,20.58,91.5,91.5,91.5,87.5,100.0,0.0,46.97,81.0,0.0,20.4,20.4,20.4,90.7,90.7,90.7,77.0,100.0,0.0,46.91,81.0,0.0,20.15,20.15,20.15,89.6,89.6,89.6,77.27,100.0,0.0,47.07,81.0,0.0,20.15,20.15,20.15,89.6,89.6,89.6,76.93,100.0,0.0,47.02,81.0,0.0,20.15,20.15,20.15,89.6,89.6,89.6,76.74,100.0,0.0,46.93,81.0,0.0,84.08,100.0,47.72,85.0,90.52,91.5,831.0,4.0,20.58,20.58,20.58,91.5,91.5,91.5,87.58,100.0,0.0,47.26,81.0,0.0,20.58,20.58,20.58,91.5,91.5,91.5,87.62,100.0,0.0,47.58,81.0,0.0,20.58,20.58,20.58,91.5,91.5,91.5,87.74,100.0,0.0,46.95,81.0,0.0,20.58,20.58,20.58,91.5,91.5,91.5,87.53,100.0,0.0,47.09,81.0,0.0,,,,,,,,,,,,,,,,,,,,,,,,,,,,,,,,,,,,,,,,,,,,,,,,,,,,,,,,,,,,,,,,,,,,,,,,,,,,,,,,,,,,,,,,,,,,,,,,,,,,,,,,,,,,,,,,,,,,,,,,,,,,,,,,,,,,,,,,,,,,,,,,,,,,,,,,,,,,,,,,,,,,,,,,,,,,,,,,,,,,,,,,,,,,,,,,,,,,,,,,,,,,,,,,,,,,,,,,,,,,,,,,,,,,,,,,,,,,,,,,,,,,,,,,,,,,,,,,,,,,,,,,,,,,,,,,,,,,,,,,,,,,,,,,
2,4,2048,512,deepseek-ai/DeepSeek-R1-Distill-Llama-70B,error,Engine core initialization failed. See root cause above. Failed core proc(s): {'EngineCore_0': 1},2x g5.12xlarge,8.192,2,4,8,deepseek-ai/DeepSeek-R1-Distill-Llama-70B,2,4,2559,True,ray,0.85,True,False,False,,0.8,512,512,True,30,emozilla/pg19-test,Please summarize the following text: ,5,0.5,distributed,0.25,,,,,,,,,,,,,,,,,,,,,,,,,,,,,,,,,,,,,,,,,,,,,,,,,,,,,,,,,,,,,,,,,,,,,,,,,,,,,,,,,,,,,,,,,,,,,,,,,,,,,,,,,,,,,,,,,,,,,,,,,,,,,,,,,,,,,,,,,,,,,,,,,,,,,,,,,,,,,,,,,,,,,,,,,,,,,,,,,,,,,,,,,,,,,,,,,,,,,,,,,,,,,,,,,,,,,,,,,,,,,,,,,,,,,,,,,,,,,,,,,,,,,,,,,,,,,,,,,,,,,,,,,,,,,,,,,,,,,,,,,,,,,,,,,,,,,,,,,,,,,,,,,,,,,,,,,,,,,,,,,,,,,,,,,,,,,,,,,,,,,,,,,,,,,,,,,,,,,,,,,,,,,,,,,,,,,,,,,,,,,,,,,,,,,,,,,,,,,,,,,,,,,,,,,,,,,,,,,,,,,,,,,,,,,,,,,,,,,,,,,,,,,,,,,,,,,,,,,,,,,,,,,,,,,,,,,,,,,,,,,,,,,,,,,,,,,,,,,,,,,,,,,,,,,,,,,,,,,,,,,,,,
4,3,2048,512,deepseek-ai/DeepSeek-R1-Distill-Llama-70B,success,,3x g5.12xlarge,12.288,3,4,12,deepseek-ai/DeepSeek-R1-Distill-Llama-70B,4,3,2559,True,ray,0.85,True,False,False,,0.8,512,512,True,30,emozilla/pg19-test,Please summarize the following text: ,5,0.5,distributed,0.25,tp4_pp3_in2048_out512,114.42944989399996,61470.0,15300.0,0.262,537.19,133.71,670.89,result-2048in_512out/aws-g5-A10G/tp4-pp3-20260107_093307-success/timeseries_tp4_pp3_in2048_out512.json,0.3906,196550.9,157378.97,39171.93,3.0,12.0,3.0,16.0,0.85,15407.0,,4.0,auto,,,,torch.bfloat16,2559.0,,,True,2559.0,False,False,,,,20.41,20.41,20.41,90.7,90.7,90.7,82.03,100.0,0.0,46.09,83.0,0.0,20.16,20.16,20.16,89.6,89.6,89.6,81.83,100.0,0.0,46.15,83.0,0.0,20.16,20.16,20.16,89.6,89.6,89.6,81.49,100.0,0.0,45.95,83.0,0.0,20.16,20.16,20.16,89.6,89.6,89.6,82.01,100.0,0.0,45.9,83.0,0.0,20.61,20.61,20.61,91.6,91.6,91.6,91.4,100.0,0.0,46.37,83.0,0.0,20.61,20.61,20.61,91.6,91.6,91.6,90.99,100.0,0.0,46.11,85.0,0.0,20.61,20.61,20.61,91.6,91.6,91.6,91.58,100.0,0.0,46.16,84.0,0.0,20.61,20.61,20.61,91.6,91.6,91.6,91.35,100.0,0.0,46.17,83.0,0.0,20.08,20.08,20.08,89.3,89.3,89.3,89.26,100.0,0.0,46.36,83.0,0.0,20.08,20.08,20.08,89.3,89.3,89.3,88.95,100.0,0.0,46.5,84.0,0.0,20.08,20.08,20.08,89.3,89.3,89.3,89.03,100.0,0.0,46.45,84.0,0.0,20.08,20.08,20.08,89.3,89.3,89.3,88.72,100.0,0.0,46.34,83.0,0.0,87.38,100.0,46.21,85.0,90.26,91.6,672.0,3.0,,,,,,,,,,,,,,,,,,,,,,,,,,,,,,,,,,,,,,,,,,,,,,,,,,,,,,,,,,,,,,,,,,,,,,,,,,,,,,,,,,,,,,,,,,,,,,,,,,,,,,,,,,,,,,,,,,,,,,,,,,,,,,,,,,,,,,,,,,,,,,,,,,,,,,,,,,,,,,,,,,,,,,,,,,,,,,,,,,,,,,,,,,,,,,,,,,,,,,,,,,,,,,,,,,,,,,,,,,,,,,,,,,,,,,,,,,,,,,,,,,,,,,,,,,,,,,,,,,,,,,,,,,,,,,,,,,,,,,,,,,,,,,,,,,,,,,,,,,,,,,,,,,,,,,,,,,,,,,,,,,,,,,,,,,,,,,,,
4,4,2048,512,deepseek-ai/DeepSeek-R1-Distill-Llama-70B,success,,4x g5.12xlarge,16.384,4,4,16,deepseek-ai/DeepSeek-R1-Distill-Llama-70B,4,4,2559,True,ray,0.85,True,False,False,,0.8,512,512,True,30,emozilla/pg19-test,Please summarize the following text: ,5,0.5,distributed,0.25,tp4_pp4_in2048_out512,107.07119909999994,61470.0,15300.0,0.28,574.1,142.9,717.0,result-2048in_512out/aws-g5-A10G/tp4-pp4-20260107_094933-success/timeseries_tp4_pp4_in2048_out512.json,0.4873,157543.84,126145.89,31397.95,4.0,16.0,4.0,16.0,0.85,27863.0,,4.0,auto,,,,torch.bfloat16,2559.0,,,True,2559.0,False,False,,,,20.06,20.06,20.06,89.2,89.2,89.2,84.18,100.0,0.0,49.44,85.0,0.0,20.06,20.06,20.06,89.2,89.2,89.2,84.21,100.0,0.0,49.79,85.0,0.0,20.06,20.06,20.06,89.2,89.2,89.2,84.15,100.0,0.0,49.72,85.0,0.0,20.06,20.06,20.06,89.2,89.2,89.2,84.09,100.0,0.0,49.72,85.0,0.0,20.58,20.58,20.58,91.5,91.5,91.5,87.86,100.0,0.0,47.01,81.0,0.0,20.58,20.58,20.58,91.5,91.5,91.5,87.57,100.0,0.0,47.15,81.0,0.0,20.58,20.58,20.58,91.5,91.5,91.5,87.38,100.0,0.0,46.88,81.0,0.0,20.58,20.58,20.58,91.5,91.5,91.5,87.5,100.0,0.0,46.97,81.0,0.0,20.4,20.4,20.4,90.7,90.7,90.7,77.0,100.0,0.0,46.91,81.0,0.0,20.15,20.15,20.15,89.6,89.6,89.6,77.27,100.0,0.0,47.07,81.0,0.0,20.15,20.15,20.15,89.6,89.6,89.6,76.93,100.0,0.0,47.02,81.0,0.0,20.15,20.15,20.15,89.6,89.6,89.6,76.74,100.0,0.0,46.93,81.0,0.0,84.08,100.0,47.72,85.0,90.52,91.5,831.0,4.0,20.58,20.58,20.58,91.5,91.5,91.5,87.58,100.0,0.0,47.26,81.0,0.0,20.58,20.58,20.58,91.5,91.5,91.5,87.62,100.0,0.0,47.58,81.0,0.0,20.58,20.58,20.58,91.5,91.5,91.5,87.74,100.0,0.0,46.95,81.0,0.0,20.58,20.58,20.58,91.5,91.5,91.5,87.53,100.0,0.0,47.09,81.0,0.0,,,,,,,,,,,,,,,,,,,,,,,,,,,,,,,,,,,,,,,,,,,,,,,,,,,,,,,,,,,,,,,,,,,,,,,,,,,,,,,,,,,,,,,,,,,,,,,,,,,,,,,,,,,,,,,,,,,,,,,,,,,,,,,,,,,,,,,,,,,,,,,,,,,,,,,,,,,,,,,,,,,,,,,,,,,,,,,,,,,,,,,,,,,,,,,,,,,,,,,,,,,,,,,,,,,,,,,,,,,,,,,,,,,,,,,,,,,,,,,,,,,,,,,,,,,,,,,,,,,,,,,,,,,,,,,,,,,,,,,,,,,,,,,,
8,1,2048,512,deepseek-ai/DeepSeek-R1-Distill-Llama-70B,success,,g5.48xlarge,16.384,1,8,8,deepseek-ai/DeepSeek-R1-Distill-Llama-70B,8,1,2559,True,,0.85,True,False,False,,0.8,512,512,True,30,emozilla/pg19-test,Please summarize the following text: ,5,0.5,local,0.25,tp8_pp1_in2048_out512,501.626535605,61470.0,15300.0,0.06,122.54,30.5,153.04,result-2048in_512out/aws-g5-A10G/tp8-pp1-20260107_100620-success/timeseries_tp8_pp1_in2048_out512.json,2.283,33627.42,26925.59,6701.83,1.0,8.0,1.0,16.0,0.85,1312.0,,4.0,auto,,,,torch.bfloat16,2559.0,,,True,2559.0,False,False,,,,,,,,,,,,,,,,,,,,,,,,,,,,,,,,,,,,,,,,,,,,,,,,,,,,,,,,,,,,,,,,,,,,,,,,,,,,,,,,,,,,,,,,,,,,,,,,,,,,,,,,,,,,,,,,,,,,,,,,,,,,,,,,,,,,,,,,,,,,,,,,,,,,99.01,100.0,20.66,79.0,88.34,89.3,968.0,,,,,,,,,,,,,,,,,,,,,,,,,,,,,,,,,,,,,,,,,,,,,,,,,,20.09,20.09,20.09,89.3,89.3,89.3,99.01,100.0,1.0,20.65,78.0,0.0,19.84,19.84,19.84,88.2,88.2,88.2,99.02,100.0,0.0,20.63,78.0,0.0,19.84,19.84,19.84,88.2,88.2,88.2,99.02,100.0,0.0,20.69,79.0,0.0,19.84,19.84,19.84,88.2,88.2,88.2,98.99,100.0,0.0,20.65,78.0,0.0,19.84,19.84,19.84,88.2,88.2,88.2,99.03,100.0,0.0,20.71,78.0,0.0,19.84,19.84,19.84,88.2,88.2,88.2,99.03,100.0,0.0,20.64,78.0,0.0,19.84,19.84,19.84,88.2,88.2,88.2,99.01,100.0,1.0,20.69,78.0,0.0,19.84,19.84,19.84,88.2,88.2,88.2,98.99,100.0,0.0,20.64,78.0,0.0,,,,,,,,,,,,,,,,,,,,,,,,,,,,,,,,,,,,,,,,,,,,,,,,,,,,,,,,,,,,,,,,,,,,,,,,,,,,,,,,,,,,,,,,,,,,,,,,,,,,,,,,,,,,,,,,,,,,,,,,,,,,,,,,,,,,,,,,,,,,,,,,,,,,,,,,,,,,,,,,,,,,,,,,,,,,,,,,,,,,,,,,,,,,,,,,
8,2,2048,512,deepseek-ai/DeepSeek-R1-Distill-Llama-70B,success,,2x g5.48xlarge,32.768,2,8,16,deepseek-ai/DeepSeek-R1-Distill-Llama-70B,8,2,2559,True,ray,0.85,True,False,False,,0.8,512,512,True,30,emozilla/pg19-test,Please summarize the following text: ,5,0.5,distributed,0.25,tp8_pp2_in2048_out512,227.683473765,61470.0,15300.0,0.132,269.98,67.2,337.18,result-2048in_512out/aws-g5-A10G/tp8-pp2-20260107_102204-success/timeseries_tp8_pp2_in2048_out512.json,2.0724,37043.55,29660.9,7382.65,2.0,16.0,2.0,16.0,0.85,28711.0,,4.0,auto,,,,torch.bfloat16,2559.0,,,True,2559.0,False,False,,,,19.94,19.94,19.94,88.7,88.7,88.7,97.9,100.0,0.0,12.74,47.0,0.0,19.94,19.94,19.94,88.7,88.7,88.7,97.95,100.0,0.0,12.7,47.0,0.0,19.94,19.94,19.94,88.7,88.7,88.7,97.86,100.0,0.0,12.63,47.0,0.0,19.94,19.94,19.94,88.7,88.7,88.7,97.95,100.0,0.0,12.66,47.0,0.0,20.23,20.23,20.23,90.0,90.0,90.0,82.89,100.0,0.0,12.28,47.0,0.0,19.98,19.98,19.98,88.9,88.9,88.9,82.87,100.0,0.0,12.19,47.0,0.0,19.98,19.98,19.98,88.9,88.9,88.9,82.96,100.0,0.0,12.33,48.0,0.0,19.98,19.98,19.98,88.9,88.9,88.9,83.23,100.0,0.0,12.23,47.0,0.0,,,,,,,,,,,,,,,,,,,,,,,,,,,,,,,,,,,,,,,,,,,,,,,,,90.44,100.0,12.48,48.0,88.87,90.0,878.0,2.0,,,,,,,,,,,,,,,,,,,,,,,,,,,,,,,,,,,,,,,,,,,,,,,,,,,,,,,,,,,,,,,,,,,,,,,,,,,,,,,,,,,,,,,,,,,,,,,,,,,,,,,,,,,,,,,,,,,,,,,,,,,,,,,,,,,,,,,,,,,,,,,,,19.94,19.94,19.94,88.7,88.7,88.7,97.71,100.0,0.0,12.71,47.0,0.0,19.94,19.94,19.94,88.7,88.7,88.7,97.95,100.0,0.0,12.73,47.0,0.0,19.94,19.94,19.94,88.7,88.7,88.7,97.8,100.0,0.0,12.7,47.0,0.0,19.94,19.94,19.94,88.7,88.7,88.7,97.95,100.0,12.0,12.71,47.0,0.0,19.98,19.98,19.98,88.9,88.9,88.9,82.96,100.0,0.0,12.28,47.0,0.0,19.98,19.98,19.98,88.9,88.9,88.9,82.89,100.0,0.0,12.21,47.0,0.0,19.98,19.98,19.98,88.9,88.9,88.9,83.1,100.0,0.0,12.29,48.0,0.0,19.98,19.98,19.98,88.9,88.9,88.9,83.04,100.0,0.0,12.31,47.0,0.0,,,,,,,,,,,,,,,,,,,,,,,,,,,,,,,,,,,,,,,,,,,,,,,,,,,,,,,,,,,,,,,,,,,,,,,,,,,,,,,,,,,,,,,,,,,,,,,,
8,3,2048,512,deepseek-ai/DeepSeek-R1-Distill-Llama-70B,success,,3x g5.48xlarge,49.152,3,8,24,deepseek-ai/DeepSeek-R1-Distill-Llama-70B,8,3,2559,True,ray,0.85,True,False,False,,0.8,512,512,True,30,emozilla/pg19-test,Please summarize the following text: ,5,0.5,distributed,0.25,tp8_pp3_in2048_out512,177.39561373699996,61470.0,15300.0,0.169,346.51,86.25,432.76,result-2048in_512out/aws-g5-A10G/tp8-pp3-20260107_103354-success/timeseries_tp8_pp3_in2048_out512.json,2.422,31696.4,25379.42,6316.99,3.0,24.0,3.0,16.0,0.85,58164.0,,4.0,auto,,,,torch.bfloat16,2559.0,,,True,2559.0,False,False,,,,19.9,19.9,19.9,88.5,88.5,88.5,87.14,100.0,0.0,15.09,53.0,0.0,19.9,19.9,19.9,88.5,88.5,88.5,87.05,100.0,0.0,14.87,53.0,0.0,19.9,19.9,19.9,88.5,88.5,88.5,87.17,100.0,0.0,15.08,53.0,0.0,19.9,19.9,19.9,88.5,88.5,88.5,87.46,100.0,0.0,15.09,54.0,0.0,20.17,20.17,20.17,89.7,89.7,89.7,90.27,100.0,0.0,14.87,53.0,0.0,20.17,20.17,20.17,89.7,89.7,89.7,90.31,100.0,0.0,15.05,52.0,0.0,20.17,20.17,20.17,89.7,89.7,89.7,90.1,100.0,0.0,14.9,52.0,0.0,20.17,20.17,20.17,89.7,89.7,89.7,90.31,100.0,0.0,15.17,53.0,0.0,20.19,20.19,20.19,89.8,89.8,89.8,80.45,100.0,0.0,14.77,52.0,0.0,19.94,19.94,19.94,88.7,88.7,88.7,80.65,100.0,0.0,14.98,53.0,0.0,19.94,19.94,19.94,88.7,88.7,88.7,80.58,100.0,0.0,14.94,53.0,0.0,19.94,19.94,19.94,88.7,88.7,88.7,80.62,100.0,0.0,14.93,52.0,0.0,86.14,100.0,15.02,54.0,89.01,89.8,1027.0,3.0,,,,,,,,,,,,,,,,,,,,,,,,,,,,,,,,,,,,,,,,,,,,,,,,,,,,,,,,,,,,,,,,,,,,,,,,,,,,,,,,,,,,,,,,,,,,,,,,,,,,,,,,,,,,,,,,,,,,,,,,,,,,,,,,,,,,,,,,,,,,,,,,,19.9,19.9,19.9,88.5,88.5,88.5,87.04,100.0,0.0,15.44,53.0,0.0,19.9,19.9,19.9,88.5,88.5,88.5,86.81,100.0,0.0,15.03,53.0,0.0,19.9,19.9,19.9,88.5,88.5,88.5,87.36,100.0,0.0,15.18,53.0,0.0,19.9,19.9,19.9,88.5,88.5,88.5,87.25,100.0,0.0,15.3,53.0,0.0,20.17,20.17,20.17,89.7,89.7,89.7,90.24,100.0,0.0,15.11,52.0,0.0,20.17,20.17,20.17,89.7,89.7,89.7,90.19,100.0,0.0,14.96,53.0,0.0,20.17,20.17,20.17,89.7,89.7,89.7,90.27,100.0,0.0,14.92,53.0,0.0,20.17,20.17,20.17,89.7,89.7,89.7,90.31,100.0,0.0,15.12,53.0,0.0,19.94,19.94,19.94,88.7,88.7,88.7,83.79,100.0,0.0,14.9,52.0,0.0,19.94,19.94,19.94,88.7,88.7,88.7,80.62,100.0,0.0,14.85,52.0,0.0,19.94,19.94,19.94,88.7,88.7,88.7,80.9,100.0,0.0,14.98,53.0,0.0,19.94,19.94,19.94,88.7,88.7,88.7,80.57,100.0,0.0,14.94,53.0,0.0,,,,,,,,,,,,,,,,,,,,,,,,,,,,,,,,,,,,,,,,,,,,,,,,
8,4,2048,512,deepseek-ai/DeepSeek-R1-Distill-Llama-70B,success,,4x g5.48xlarge,65.536,4,8,32,deepseek-ai/DeepSeek-R1-Distill-Llama-70B,8,4,2559,True,ray,0.85,True,False,False,,0.8,512,512,True,30,emozilla/pg19-test,Please summarize the following text: ,5,0.5,distributed,0.25,tp8_pp4_in2048_out512,153.939040235,61470.0,15300.0,0.195,399.31,99.39,498.7,result-2048in_512out/aws-g5-A10G/tp8-pp4-20260107_104503-success/timeseries_tp8_pp4_in2048_out512.json,2.8024,27394.62,21934.97,5459.66,4.0,32.0,4.0,16.0,0.85,83449.0,,4.0,auto,,,,torch.bfloat16,2559.0,,,True,2559.0,False,False,,,,19.86,19.86,19.86,88.3,88.3,88.3,78.29,100.0,0.0,17.18,57.0,0.0,19.86,19.86,19.86,88.3,88.3,88.3,78.86,100.0,0.0,16.99,57.0,0.0,19.86,19.86,19.86,88.3,88.3,88.3,78.81,100.0,0.0,17.38,57.0,0.0,19.86,19.86,19.86,88.3,88.3,88.3,78.81,100.0,0.0,17.33,57.0,0.0,20.19,20.19,20.19,89.8,89.8,89.8,67.33,100.0,0.0,15.99,54.0,0.0,19.94,19.95,19.94,88.7,88.7,88.7,67.31,100.0,0.0,16.09,54.0,0.0,19.94,19.95,19.94,88.7,88.7,88.7,66.69,100.0,0.0,16.06,53.0,0.0,19.94,19.95,19.94,88.7,88.7,88.7,66.65,100.0,0.0,15.81,54.0,0.0,20.14,20.14,20.14,89.5,89.5,89.5,82.26,100.0,0.0,16.35,55.0,0.0,20.14,20.14,20.14,89.5,89.5,89.5,82.03,100.0,0.0,16.56,55.0,0.0,20.14,20.14,20.14,89.5,89.5,89.5,82.14,100.0,0.0,16.5,54.0,0.0,20.14,20.14,20.14,89.5,89.5,89.5,81.71,100.0,0.0,16.16,54.0,0.0,76.85,100.0,16.51,57.0,89.03,89.8,1186.0,4.0,20.14,20.14,20.14,89.5,89.5,89.5,79.38,100.0,0.0,16.31,54.0,0.0,20.14,20.14,20.14,89.5,89.5,89.5,79.44,100.0,0.0,16.36,54.0,0.0,20.14,20.14,20.14,89.5,89.5,89.5,79.2,100.0,0.0,16.41,55.0,0.0,20.14,20.14,20.14,89.5,89.5,89.5,79.34,100.0,0.0,16.31,55.0,0.0,,,,,,,,,,,,,,,,,,,,,,,,,,,,,,,,,,,,,,,,,,,,,,,,,,,,,,,,,,,,,,,,,,,,,,,,,,,,,,,,,,,,,,,,,,,,,,,,,19.86,19.86,19.86,88.3,88.3,88.3,78.34,100.0,0.0,17.09,56.0,0.0,19.86,19.86,19.86,88.3,88.3,88.3,78.65,100.0,0.0,17.4,57.0,0.0,19.86,19.86,19.86,88.3,88.3,88.3,79.57,100.0,0.0,17.31,57.0,0.0,19.86,19.86,19.86,88.3,88.3,88.3,79.23,100.0,0.0,16.88,57.0,0.0,19.94,19.95,19.94,88.7,88.7,88.7,66.81,100.0,0.0,16.1,54.0,0.0,19.94,19.95,19.94,88.7,88.7,88.7,67.21,100.0,0.0,16.09,54.0,0.0,19.94,19.95,19.94,88.7,88.7,88.7,66.83,100.0,0.0,15.97,54.0,0.0,19.94,19.95,19.94,88.7,88.7,88.7,67.06,100.0,0.0,16.06,55.0,0.0,20.14,20.14,20.14,89.5,89.5,89.5,82.4,100.0,0.0,16.44,54.0,0.0,20.14,20.14,20.14,89.5,89.5,89.5,82.11,100.0,0.0,16.35,54.0,0.0,20.14,20.14,20.14,89.5,89.5,89.5,81.7,100.0,0.0,16.09,54.0,0.0,20.14,20.14,20.14,89.5,89.5,89.5,82.27,100.0,0.0,16.41,54.0,0.0,20.14,20.14,20.14,89.5,89.5,89.5,80.03,100.0,0.0,16.55,54.0,0.0,20.14,20.14,20.14,89.5,89.5,89.5,79.45,100.0,0.0,16.56,54.0,0.0,20.14,20.14,20.14,89.5,89.5,89.5,80.32,100.0,0.0,16.68,54.0,0.0,20.14,20.14,20.14,89.5,89.5,89.5,79.17,100.0,0.0,16.5,54.0,0.0
8,1,2048,512,deepseek-ai/DeepSeek-R1-Distill-Llama-70B,success,,g5.48xlarge,16.384,1,8,8,deepseek-ai/DeepSeek-R1-Distill-Llama-70B,8,1,2559,True,,0.85,True,False,False,,0.8,512,512,True,30,emozilla/pg19-test,Please summarize the following text: ,5,0.5,local,0.25,tp8_pp1_in2048_out512,501.626535605,61470.0,15300.0,0.06,122.54,30.5,153.04,result-2048in_512out/aws-g5-A10G/tp8-pp1-20260107_100620-success/timeseries_tp8_pp1_in2048_out512.json,2.283,33627.42,26925.59,6701.83,1.0,8.0,1.0,16.0,0.85,1312.0,,4.0,auto,,,,torch.bfloat16,2559.0,,,True,2559.0,False,False,,,,,,,,,,,,,,,,,,,,,,,,,,,,,,,,,,,,,,,,,,,,,,,,,,,,,,,,,,,,,,,,,,,,,,,,,,,,,,,,,,,,,,,,,,,,,,,,,,,,,,,,,,,,,,,,,,,,,,,,,,,,,,,,,,,,,,,,,,,,,,,,,,,,99.01,100.0,20.66,79.0,88.34,89.3,968.0,,,,,,,,,,,,,,,,,,,,,,,,,,,,,,,,,,,,,,,,,,,,,,,,,,20.09,20.09,20.09,89.3,89.3,89.3,99.01,100.0,1.0,20.65,78.0,0.0,19.84,19.84,19.84,88.2,88.2,88.2,99.02,100.0,0.0,20.63,78.0,0.0,19.84,19.84,19.84,88.2,88.2,88.2,99.02,100.0,0.0,20.69,79.0,0.0,19.84,19.84,19.84,88.2,88.2,88.2,98.99,100.0,0.0,20.65,78.0,0.0,19.84,19.84,19.84,88.2,88.2,88.2,99.03,100.0,0.0,20.71,78.0,0.0,19.84,19.84,19.84,88.2,88.2,88.2,99.03,100.0,0.0,20.64,78.0,0.0,19.84,19.84,19.84,88.2,88.2,88.2,99.01,100.0,1.0,20.69,78.0,0.0,19.84,19.84,19.84,88.2,88.2,88.2,98.99,100.0,0.0,20.64,78.0,0.0,,,,,,,,,,,,,,,,,,,,,,,,,,,,,,,,,,,,,,,,,,,,,,,,,,,,,,,,,,,,,,,,,,,,,,,,,,,,,,,,,,,,,,,,,,,,,,,,,,,,,,,,,,,,,,,,,,,,,,,,,,,,,,,,,,,,,,,,,,,,,,,,,,,,,,,,,,,,,,,,,,,,,,,,,,,,,,,,,,,,,,,,,,,,,,,,
8,3,2048,512,deepseek-ai/DeepSeek-R1-Distill-Llama-70B,success,,3x g5.48xlarge,49.152,3,8,24,deepseek-ai/DeepSeek-R1-Distill-Llama-70B,8,3,2559,True,ray,0.85,True,False,False,,0.8,512,512,True,30,emozilla/pg19-test,Please summarize the following text: ,5,0.5,distributed,0.25,tp8_pp3_in2048_out512,177.39561373699996,61470.0,15300.0,0.169,346.51,86.25,432.76,result-2048in_512out/aws-g5-A10G/tp8-pp3-20260107_103354-success/timeseries_tp8_pp3_in2048_out512.json,2.422,31696.4,25379.42,6316.99,3.0,24.0,3.0,16.0,0.85,58164.0,,4.0,auto,,,,torch.bfloat16,2559.0,,,True,2559.0,False,False,,,,19.9,19.9,19.9,88.5,88.5,88.5,87.14,100.0,0.0,15.09,53.0,0.0,19.9,19.9,19.9,88.5,88.5,88.5,87.05,100.0,0.0,14.87,53.0,0.0,19.9,19.9,19.9,88.5,88.5,88.5,87.17,100.0,0.0,15.08,53.0,0.0,19.9,19.9,19.9,88.5,88.5,88.5,87.46,100.0,0.0,15.09,54.0,0.0,20.17,20.17,20.17,89.7,89.7,89.7,90.27,100.0,0.0,14.87,53.0,0.0,20.17,20.17,20.17,89.7,89.7,89.7,90.31,100.0,0.0,15.05,52.0,0.0,20.17,20.17,20.17,89.7,89.7,89.7,90.1,100.0,0.0,14.9,52.0,0.0,20.17,20.17,20.17,89.7,89.7,89.7,90.31,100.0,0.0,15.17,53.0,0.0,20.19,20.19,20.19,89.8,89.8,89.8,80.45,100.0,0.0,14.77,52.0,0.0,19.94,19.94,19.94,88.7,88.7,88.7,80.65,100.0,0.0,14.98,53.0,0.0,19.94,19.94,19.94,88.7,88.7,88.7,80.58,100.0,0.0,14.94,53.0,0.0,19.94,19.94,19.94,88.7,88.7,88.7,80.62,100.0,0.0,14.93,52.0,0.0,86.14,100.0,15.02,54.0,89.01,89.8,1027.0,3.0,,,,,,,,,,,,,,,,,,,,,,,,,,,,,,,,,,,,,,,,,,,,,,,,,,,,,,,,,,,,,,,,,,,,,,,,,,,,,,,,,,,,,,,,,,,,,,,,,,,,,,,,,,,,,,,,,,,,,,,,,,,,,,,,,,,,,,,,,,,,,,,,,19.9,19.9,19.9,88.5,88.5,88.5,87.04,100.0,0.0,15.44,53.0,0.0,19.9,19.9,19.9,88.5,88.5,88.5,86.81,100.0,0.0,15.03,53.0,0.0,19.9,19.9,19.9,88.5,88.5,88.5,87.36,100.0,0.0,15.18,53.0,0.0,19.9,19.9,19.9,88.5,88.5,88.5,87.25,100.0,0.0,15.3,53.0,0.0,20.17,20.17,20.17,89.7,89.7,89.7,90.24,100.0,0.0,15.11,52.0,0.0,20.17,20.17,20.17,89.7,89.7,89.7,90.19,100.0,0.0,14.96,53.0,0.0,20.17,20.17,20.17,89.7,89.7,89.7,90.27,100.0,0.0,14.92,53.0,0.0,20.17,20.17,20.17,89.7,89.7,89.7,90.31,100.0,0.0,15.12,53.0,0.0,19.94,19.94,19.94,88.7,88.7,88.7,83.79,100.0,0.0,14.9,52.0,0.0,19.94,19.94,19.94,88.7,88.7,88.7,80.62,100.0,0.0,14.85,52.0,0.0,19.94,19.94,19.94,88.7,88.7,88.7,80.9,100.0,0.0,14.98,53.0,0.0,19.94,19.94,19.94,88.7,88.7,88.7,80.57,100.0,0.0,14.94,53.0,0.0,,,,,,,,,,,,,,,,,,,,,,,,,,,,,,,,,,,,,,,,,,,,,,,,
4,2,2048,512,deepseek-ai/DeepSeek-R1-Distill-Llama-70B,success,,2x g5.12xlarge,8.192,2,4,8,deepseek-ai/DeepSeek-R1-Distill-Llama-70B,4,2,2559,True,ray,0.85,True,False,False,,0.8,512,512,True,30,emozilla/pg19-test,Please summarize the following text: ,5,0.5,distributed,0.25,tp4_pp2_in2048_out512,426.3866282910001,61470.0,15300.0,0.07,144.16,35.88,180.05,result-2048in_512out/aws-g5-A10G/tp4-pp2-20260107_084406-success/timeseries_tp4_pp2_in2048_out512.json,0.9703,79122.59,63353.73,15768.86,2.0,8.0,2.0,16.0,0.85,897.0,,4.0,auto,,,,torch.bfloat16,2559.0,,,True,2559.0,False,False,,,,20.4,20.4,20.4,90.7,90.7,90.7,77.78,100.0,0.0,60.71,92.0,0.0,20.15,20.15,20.15,89.6,89.6,89.6,77.95,100.0,0.0,60.7,93.0,0.0,20.15,20.15,20.15,89.6,89.6,89.6,77.82,100.0,0.0,60.58,93.0,0.0,20.15,20.15,20.15,89.6,89.6,89.6,77.83,100.0,0.0,60.51,93.0,0.0,20.14,20.14,20.14,89.6,89.6,89.6,93.16,100.0,0.0,62.59,95.0,0.0,20.14,20.14,20.14,89.6,89.6,89.6,93.12,100.0,0.0,62.55,95.0,0.0,20.14,20.14,20.14,89.6,89.6,89.6,93.09,100.0,0.0,62.45,95.0,0.0,20.14,20.14,20.14,89.6,89.6,89.6,93.11,100.0,0.0,62.54,95.0,0.0,,,,,,,,,,,,,,,,,,,,,,,,,,,,,,,,,,,,,,,,,,,,,,,,,85.48,100.0,61.58,95.0,89.74,90.7,1672.0,2.0,,,,,,,,,,,,,,,,,,,,,,,,,,,,,,,,,,,,,,,,,,,,,,,,,,,,,,,,,,,,,,,,,,,,,,,,,,,,,,,,,,,,,,,,,,,,,,,,,,,,,,,,,,,,,,,,,,,,,,,,,,,,,,,,,,,,,,,,,,,,,,,,,,,,,,,,,,,,,,,,,,,,,,,,,,,,,,,,,,,,,,,,,,,,,,,,,,,,,,,,,,,,,,,,,,,,,,,,,,,,,,,,,,,,,,,,,,,,,,,,,,,,,,,,,,,,,,,,,,,,,,,,,,,,,,,,,,,,,,,,,,,,,,,,,,,,,,,,,,,,,,,,,,,,,,,,,,,,,,,,,,,,,,,,,,,,,,,,
4,3,2048,512,deepseek-ai/DeepSeek-R1-Distill-Llama-70B,success,,3x g5.12xlarge,12.288,3,4,12,deepseek-ai/DeepSeek-R1-Distill-Llama-70B,4,3,2559,True,ray,0.85,True,False,False,,0.8,512,512,True,30,emozilla/pg19-test,Please summarize the following text: ,5,0.5,distributed,0.25,tp4_pp3_in2048_out512,114.42944989399996,61470.0,15300.0,0.262,537.19,133.71,670.89,result-2048in_512out/aws-g5-A10G/tp4-pp3-20260107_093307-success/timeseries_tp4_pp3_in2048_out512.json,0.3906,196550.9,157378.97,39171.93,3.0,12.0,3.0,16.0,0.85,15407.0,,4.0,auto,,,,torch.bfloat16,2559.0,,,True,2559.0,False,False,,,,20.41,20.41,20.41,90.7,90.7,90.7,82.03,100.0,0.0,46.09,83.0,0.0,20.16,20.16,20.16,89.6,89.6,89.6,81.83,100.0,0.0,46.15,83.0,0.0,20.16,20.16,20.16,89.6,89.6,89.6,81.49,100.0,0.0,45.95,83.0,0.0,20.16,20.16,20.16,89.6,89.6,89.6,82.01,100.0,0.0,45.9,83.0,0.0,20.61,20.61,20.61,91.6,91.6,91.6,91.4,100.0,0.0,46.37,83.0,0.0,20.61,20.61,20.61,91.6,91.6,91.6,90.99,100.0,0.0,46.11,85.0,0.0,20.61,20.61,20.61,91.6,91.6,91.6,91.58,100.0,0.0,46.16,84.0,0.0,20.61,20.61,20.61,91.6,91.6,91.6,91.35,100.0,0.0,46.17,83.0,0.0,20.08,20.08,20.08,89.3,89.3,89.3,89.26,100.0,0.0,46.36,83.0,0.0,20.08,20.08,20.08,89.3,89.3,89.3,88.95,100.0,0.0,46.5,84.0,0.0,20.08,20.08,20.08,89.3,89.3,89.3,89.03,100.0,0.0,46.45,84.0,0.0,20.08,20.08,20.08,89.3,89.3,89.3,88.72,100.0,0.0,46.34,83.0,0.0,87.38,100.0,46.21,85.0,90.26,91.6,672.0,3.0,,,,,,,,,,,,,,,,,,,,,,,,,,,,,,,,,,,,,,,,,,,,,,,,,,,,,,,,,,,,,,,,,,,,,,,,,,,,,,,,,,,,,,,,,,,,,,,,,,,,,,,,,,,,,,,,,,,,,,,,,,,,,,,,,,,,,,,,,,,,,,,,,,,,,,,,,,,,,,,,,,,,,,,,,,,,,,,,,,,,,,,,,,,,,,,,,,,,,,,,,,,,,,,,,,,,,,,,,,,,,,,,,,,,,,,,,,,,,,,,,,,,,,,,,,,,,,,,,,,,,,,,,,,,,,,,,,,,,,,,,,,,,,,,,,,,,,,,,,,,,,,,,,,,,,,,,,,,,,,,,,,,,,,,,,,,,,,,
8,4,2048,512,deepseek-ai/DeepSeek-R1-Distill-Llama-70B,success,,4x g5.48xlarge,65.536,4,8,32,deepseek-ai/DeepSeek-R1-Distill-Llama-70B,8,4,2559,True,ray,0.85,True,False,False,,0.8,512,512,True,30,emozilla/pg19-test,Please summarize the following text: ,5,0.5,distributed,0.25,tp8_pp4_in2048_out512,153.939040235,61470.0,15300.0,0.195,399.31,99.39,498.7,result-2048in_512out/aws-g5-A10G/tp8-pp4-20260107_104503-success/timeseries_tp8_pp4_in2048_out512.json,2.8024,27394.62,21934.97,5459.66,4.0,32.0,4.0,16.0,0.85,83449.0,,4.0,auto,,,,torch.bfloat16,2559.0,,,True,2559.0,False,False,,,,19.86,19.86,19.86,88.3,88.3,88.3,78.29,100.0,0.0,17.18,57.0,0.0,19.86,19.86,19.86,88.3,88.3,88.3,78.86,100.0,0.0,16.99,57.0,0.0,19.86,19.86,19.86,88.3,88.3,88.3,78.81,100.0,0.0,17.38,57.0,0.0,19.86,19.86,19.86,88.3,88.3,88.3,78.81,100.0,0.0,17.33,57.0,0.0,20.19,20.19,20.19,89.8,89.8,89.8,67.33,100.0,0.0,15.99,54.0,0.0,19.94,19.95,19.94,88.7,88.7,88.7,67.31,100.0,0.0,16.09,54.0,0.0,19.94,19.95,19.94,88.7,88.7,88.7,66.69,100.0,0.0,16.06,53.0,0.0,19.94,19.95,19.94,88.7,88.7,88.7,66.65,100.0,0.0,15.81,54.0,0.0,20.14,20.14,20.14,89.5,89.5,89.5,82.26,100.0,0.0,16.35,55.0,0.0,20.14,20.14,20.14,89.5,89.5,89.5,82.03,100.0,0.0,16.56,55.0,0.0,20.14,20.14,20.14,89.5,89.5,89.5,82.14,100.0,0.0,16.5,54.0,0.0,20.14,20.14,20.14,89.5,89.5,89.5,81.71,100.0,0.0,16.16,54.0,0.0,76.85,100.0,16.51,57.0,89.03,89.8,1186.0,4.0,20.14,20.14,20.14,89.5,89.5,89.5,79.38,100.0,0.0,16.31,54.0,0.0,20.14,20.14,20.14,89.5,89.5,89.5,79.44,100.0,0.0,16.36,54.0,0.0,20.14,20.14,20.14,89.5,89.5,89.5,79.2,100.0,0.0,16.41,55.0,0.0,20.14,20.14,20.14,89.5,89.5,89.5,79.34,100.0,0.0,16.31,55.0,0.0,,,,,,,,,,,,,,,,,,,,,,,,,,,,,,,,,,,,,,,,,,,,,,,,,,,,,,,,,,,,,,,,,,,,,,,,,,,,,,,,,,,,,,,,,,,,,,,,,19.86,19.86,19.86,88.3,88.3,88.3,78.34,100.0,0.0,17.09,56.0,0.0,19.86,19.86,19.86,88.3,88.3,88.3,78.65,100.0,0.0,17.4,57.0,0.0,19.86,19.86,19.86,88.3,88.3,88.3,79.57,100.0,0.0,17.31,57.0,0.0,19.86,19.86,19.86,88.3,88.3,88.3,79.23,100.0,0.0,16.88,57.0,0.0,19.94,19.95,19.94,88.7,88.7,88.7,66.81,100.0,0.0,16.1,54.0,0.0,19.94,19.95,19.94,88.7,88.7,88.7,67.21,100.0,0.0,16.09,54.0,0.0,19.94,19.95,19.94,88.7,88.7,88.7,66.83,100.0,0.0,15.97,54.0,0.0,19.94,19.95,19.94,88.7,88.7,88.7,67.06,100.0,0.0,16.06,55.0,0.0,20.14,20.14,20.14,89.5,89.5,89.5,82.4,100.0,0.0,16.44,54.0,0.0,20.14,20.14,20.14,89.5,89.5,89.5,82.11,100.0,0.0,16.35,54.0,0.0,20.14,20.14,20.14,89.5,89.5,89.5,81.7,100.0,0.0,16.09,54.0,0.0,20.14,20.14,20.14,89.5,89.5,89.5,82.27,100.0,0.0,16.41,54.0,0.0,20.14,20.14,20.14,89.5,89.5,89.5,80.03,100.0,0.0,16.55,54.0,0.0,20.14,20.14,20.14,89.5,89.5,89.5,79.45,100.0,0.0,16.56,54.0,0.0,20.14,20.14,20.14,89.5,89.5,89.5,80.32,100.0,0.0,16.68,54.0,0.0,20.14,20.14,20.14,89.5,89.5,89.5,79.17,100.0,0.0,16.5,54.0,0.0
2,4,2048,512,deepseek-ai/DeepSeek-R1-Distill-Llama-70B,error,Engine core initialization failed. See root cause above. Failed core proc(s): {'EngineCore_0': 1},2x g5.12xlarge,8.192,2,4,8,deepseek-ai/DeepSeek-R1-Distill-Llama-70B,2,4,2559,True,ray,0.85,True,False,False,,0.8,512,512,True,30,emozilla/pg19-test,Please summarize the following text: ,5,0.5,distributed,0.25,,,,,,,,,,,,,,,,,,,,,,,,,,,,,,,,,,,,,,,,,,,,,,,,,,,,,,,,,,,,,,,,,,,,,,,,,,,,,,,,,,,,,,,,,,,,,,,,,,,,,,,,,,,,,,,,,,,,,,,,,,,,,,,,,,,,,,,,,,,,,,,,,,,,,,,,,,,,,,,,,,,,,,,,,,,,,,,,,,,,,,,,,,,,,,,,,,,,,,,,,,,,,,,,,,,,,,,,,,,,,,,,,,,,,,,,,,,,,,,,,,,,,,,,,,,,,,,,,,,,,,,,,,,,,,,,,,,,,,,,,,,,,,,,,,,,,,,,,,,,,,,,,,,,,,,,,,,,,,,,,,,,,,,,,,,,,,,,,,,,,,,,,,,,,,,,,,,,,,,,,,,,,,,,,,,,,,,,,,,,,,,,,,,,,,,,,,,,,,,,,,,,,,,,,,,,,,,,,,,,,,,,,,,,,,,,,,,,,,,,,,,,,,,,,,,,,,,,,,,,,,,,,,,,,,,,,,,,,,,,,,,,,,,,,,,,,,,,,,,,,,,,,,,,,,,,,,,,,,,,,,,,
8,2,2048,512,deepseek-ai/DeepSeek-R1-Distill-Llama-70B,success,,2x g5.48xlarge,32.768,2,8,16,deepseek-ai/DeepSeek-R1-Distill-Llama-70B,8,2,2559,True,ray,0.85,True,False,False,,0.8,512,512,True,30,emozilla/pg19-test,Please summarize the following text: ,5,0.5,distributed,0.25,tp8_pp2_in2048_out512,227.683473765,61470.0,15300.0,0.132,269.98,67.2,337.18,result-2048in_512out/aws-g5-A10G/tp8-pp2-20260107_102204-success/timeseries_tp8_pp2_in2048_out512.json,2.0724,37043.55,29660.9,7382.65,2.0,16.0,2.0,16.0,0.85,28711.0,,4.0,auto,,,,torch.bfloat16,2559.0,,,True,2559.0,False,False,,,,19.94,19.94,19.94,88.7,88.7,88.7,97.9,100.0,0.0,12.74,47.0,0.0,19.94,19.94,19.94,88.7,88.7,88.7,97.95,100.0,0.0,12.7,47.0,0.0,19.94,19.94,19.94,88.7,88.7,88.7,97.86,100.0,0.0,12.63,47.0,0.0,19.94,19.94,19.94,88.7,88.7,88.7,97.95,100.0,0.0,12.66,47.0,0.0,20.23,20.23,20.23,90.0,90.0,90.0,82.89,100.0,0.0,12.28,47.0,0.0,19.98,19.98,19.98,88.9,88.9,88.9,82.87,100.0,0.0,12.19,47.0,0.0,19.98,19.98,19.98,88.9,88.9,88.9,82.96,100.0,0.0,12.33,48.0,0.0,19.98,19.98,19.98,88.9,88.9,88.9,83.23,100.0,0.0,12.23,47.0,0.0,,,,,,,,,,,,,,,,,,,,,,,,,,,,,,,,,,,,,,,,,,,,,,,,,90.44,100.0,12.48,48.0,88.87,90.0,878.0,2.0,,,,,,,,,,,,,,,,,,,,,,,,,,,,,,,,,,,,,,,,,,,,,,,,,,,,,,,,,,,,,,,,,,,,,,,,,,,,,,,,,,,,,,,,,,,,,,,,,,,,,,,,,,,,,,,,,,,,,,,,,,,,,,,,,,,,,,,,,,,,,,,,,19.94,19.94,19.94,88.7,88.7,88.7,97.71,100.0,0.0,12.71,47.0,0.0,19.94,19.94,19.94,88.7,88.7,88.7,97.95,100.0,0.0,12.73,47.0,0.0,19.94,19.94,19.94,88.7,88.7,88.7,97.8,100.0,0.0,12.7,47.0,0.0,19.94,19.94,19.94,88.7,88.7,88.7,97.95,100.0,12.0,12.71,47.0,0.0,19.98,19.98,19.98,88.9,88.9,88.9,82.96,100.0,0.0,12.28,47.0,0.0,19.98,19.98,19.98,88.9,88.9,88.9,82.89,100.0,0.0,12.21,47.0,0.0,19.98,19.98,19.98,88.9,88.9,88.9,83.1,100.0,0.0,12.29,48.0,0.0,19.98,19.98,19.98,88.9,88.9,88.9,83.04,100.0,0.0,12.31,47.0,0.0,,,,,,,,,,,,,,,,,,,,,,,,,,,,,,,,,,,,,,,,,,,,,,,,,,,,,,,,,,,,,,,,,,,,,,,,,,,,,,,,,,,,,,,,,,,,,,,,
4,4,2048,512,deepseek-ai/DeepSeek-R1-Distill-Llama-70B,success,,4x g5.12xlarge,16.384,4,4,16,deepseek-ai/DeepSeek-R1-Distill-Llama-70B,4,4,2559,True,ray,0.85,True,False,False,,0.8,512,512,True,30,emozilla/pg19-test,Please summarize the following text: ,5,0.5,distributed,0.25,tp4_pp4_in2048_out512,107.07119909999994,61470.0,15300.0,0.28,574.1,142.9,717.0,result-2048in_512out/aws-g5-A10G/tp4-pp4-20260107_094933-success/timeseries_tp4_pp4_in2048_out512.json,0.4873,157543.84,126145.89,31397.95,4.0,16.0,4.0,16.0,0.85,27863.0,,4.0,auto,,,,torch.bfloat16,2559.0,,,True,2559.0,False,False,,,,20.06,20.06,20.06,89.2,89.2,89.2,84.18,100.0,0.0,49.44,85.0,0.0,20.06,20.06,20.06,89.2,89.2,89.2,84.21,100.0,0.0,49.79,85.0,0.0,20.06,20.06,20.06,89.2,89.2,89.2,84.15,100.0,0.0,49.72,85.0,0.0,20.06,20.06,20.06,89.2,89.2,89.2,84.09,100.0,0.0,49.72,85.0,0.0,20.58,20.58,20.58,91.5,91.5,91.5,87.86,100.0,0.0,47.01,81.0,0.0,20.58,20.58,20.58,91.5,91.5,91.5,87.57,100.0,0.0,47.15,81.0,0.0,20.58,20.58,20.58,91.5,91.5,91.5,87.38,100.0,0.0,46.88,81.0,0.0,20.58,20.58,20.58,91.5,91.5,91.5,87.5,100.0,0.0,46.97,81.0,0.0,20.4,20.4,20.4,90.7,90.7,90.7,77.0,100.0,0.0,46.91,81.0,0.0,20.15,20.15,20.15,89.6,89.6,89.6,77.27,100.0,0.0,47.07,81.0,0.0,20.15,20.15,20.15,89.6,89.6,89.6,76.93,100.0,0.0,47.02,81.0,0.0,20.15,20.15,20.15,89.6,89.6,89.6,76.74,100.0,0.0,46.93,81.0,0.0,84.08,100.0,47.72,85.0,90.52,91.5,831.0,4.0,20.58,20.58,20.58,91.5,91.5,91.5,87.58,100.0,0.0,47.26,81.0,0.0,20.58,20.58,20.58,91.5,91.5,91.5,87.62,100.0,0.0,47.58,81.0,0.0,20.58,20.58,20.58,91.5,91.5,91.5,87.74,100.0,0.0,46.95,81.0,0.0,20.58,20.58,20.58,91.5,91.5,91.5,87.53,100.0,0.0,47.09,81.0,0.0,,,,,,,,,,,,,,,,,,,,,,,,,,,,,,,,,,,,,,,,,,,,,,,,,,,,,,,,,,,,,,,,,,,,,,,,,,,,,,,,,,,,,,,,,,,,,,,,,,,,,,,,,,,,,,,,,,,,,,,,,,,,,,,,,,,,,,,,,,,,,,,,,,,,,,,,,,,,,,,,,,,,,,,,,,,,,,,,,,,,,,,,,,,,,,,,,,,,,,,,,,,,,,,,,,,,,,,,,,,,,,,,,,,,,,,,,,,,,,,,,,,,,,,,,,,,,,,,,,,,,,,,,,,,,,,,,,,,,,,,,,,,,,,,
